#VRML V2.0 utf8
# 3D model generated by easyeda2kicad.py (https://github.com/uPesy/easyeda2kicad.py)

Shape{
    appearance Appearance {
        material  Material 	{
            diffuseColor 0.8509803921568627 0.8509803921568627 0.8509803921568627
            specularColor 0.4235294117647059 0.4235294117647059 0.4235294117647059
            ambientIntensity 0.851
            transparency 0.0
            shininess 0.5
        }
    }
    geometry IndexedFaceSet {
        ccw TRUE
        solid FALSE
        coord DEF co Coordinate {
            point [
                1.437 -0.2658 2.0315, 1.437 -0.2658 1.3425, 1.3189 -0.2658 2.0315, 1.3189 -0.2658 1.3425, 1.3189 -0.2658 2.9134, 1.3189 -0.2658 2.9331, 1.437 -0.2658 2.9134, 1.437 -0.2658 2.9331, 1.3189 0.7579 0.0, 1.3189 0.9941 0.0, 1.437 0.7579 0.0, 1.437 0.9941 0.0, 1.437 -0.2542 0.8586, 1.437 -0.2461 0.8648, 1.437 -0.2461 1.3084, 1.437 -0.2542 1.3147, 1.437 -0.2658 0.8307, 1.437 -0.2644 0.8409, 1.437 -1.4665 3.7795, 1.437 -1.4665 0.2205, 1.437 -1.2697 0.2205, 1.437 -0.2605 0.8504, 1.437 0.2854 0.0, 1.437 0.2854 0.1417, 1.437 0.2827 0.1621, 1.437 -0.2461 2.8793, 1.437 -0.2542 2.8855, 1.437 -0.4626 2.5, 1.437 -0.2605 2.8937, 1.437 -0.2542 3.417, 1.437 -0.4972 3.6071, 1.437 -0.4784 3.5827, 1.437 -0.7867 0.1811, 1.437 -0.7742 0.1974, 1.437 -0.7579 0.2099, 1.437 -0.7389 0.2178, 1.437 -0.7185 0.5513, 1.437 -0.743 0.57, 1.437 -0.2074 0.6169, 1.437 -0.7185 0.2205, 1.437 -0.187 0.6142, 1.437 0.2067 0.2205, 1.437 0.2271 0.2178, 1.437 0.2461 0.2099, 1.437 0.2624 0.1974, 1.437 0.2749 0.1811, 1.437 -0.4626 3.5236, 1.437 -0.2644 2.9433, 1.437 -0.4666 3.5542, 1.437 -0.2605 2.9528, 1.437 -0.2542 2.9609, 1.437 -1.2493 0.2178, 1.437 -1.2303 0.2099, 1.437 -1.214 0.1974, 1.437 -0.7946 0.1621, 1.437 -1.2015 0.1811, 1.437 -1.1936 0.1621, 1.437 -1.1909 0.1417, 1.437 -0.7972 0.1417, 1.437 -0.5501 0.5395, 1.437 -0.5807 0.5354, 1.437 -0.6595 0.5354, 1.437 -0.69 0.5395, 1.437 -0.2366 2.8754, 1.437 -0.2074 2.1076, 1.437 -0.2644 2.9032, 1.437 -0.743 3.6071, 1.437 -0.7185 3.6259, 1.437 -0.1673 3.7795, 1.437 -0.2366 3.5026, 1.437 -0.2264 3.5039, 1.437 1.0728 0.1417, 1.437 1.0755 0.1621, 1.437 1.0834 0.1811, 1.437 -0.5217 2.3977, 1.437 -0.5501 2.3859, 1.437 -0.2427 2.0872, 1.437 -0.2605 3.4252, 1.437 -0.2644 3.4347, 1.437 -0.2658 3.4449, 1.437 -0.2605 3.4843, 1.437 -0.5217 3.6259, 1.437 -0.2542 3.4924, 1.437 -0.2461 3.4987, 1.437 -0.5807 3.6417, 1.437 -0.6595 3.6417, 1.437 -0.69 3.6377, 1.437 -0.2461 2.9672, 1.437 -0.2461 3.4108, 1.437 -1.1326 0.0027, 1.437 -1.1122 0.0, 1.437 -1.1909 0.0787, 1.437 -0.2658 3.4646, 1.437 -0.2644 3.4748, 1.437 -0.5501 3.6377, 1.437 1.0701 0.6725, 1.437 1.0623 0.6535, 1.437 1.0959 0.1974, 1.437 1.0498 0.6372, 1.437 1.0335 0.6247, 1.437 1.0145 0.6169, 1.437 0.9941 0.6142, 1.437 -0.0492 2.5145, 1.437 -0.0655 2.527, 1.437 1.1122 0.2099, 1.437 1.0728 2.0315, 1.437 1.0728 0.6929, 1.437 -1.1883 0.0584, 1.437 -1.1804 0.0394, 1.437 -1.1679 0.0231, 1.437 -0.0913 3.5623, 1.437 -0.0886 3.5827, 1.437 -0.1469 3.5066, 1.437 -0.1673 3.5039, 1.437 -0.4784 2.4409, 1.437 -0.4972 2.4165, 1.437 -0.0302 2.5066, 1.437 -0.187 2.1102, 1.437 -0.0098 2.5039, 1.437 1.5453 2.4252, 1.437 1.0701 2.0519, 1.437 -0.7776 3.5236, 1.437 -0.7735 3.5542, 1.437 -0.7617 3.5827, 1.437 -0.0913 3.7212, 1.437 -0.1469 3.7768, 1.437 -0.0886 3.7008, 1.437 1.0145 0.0027, 1.437 1.0335 0.0106, 1.437 1.0498 0.0231, 1.437 1.0623 0.0394, 1.437 -0.2552 0.6535, 1.437 -0.4784 0.5945, 1.437 -0.4972 0.57, 1.437 1.5347 2.4646, 1.437 1.5222 2.4809, 1.437 1.0623 2.0709, 1.437 -1.1516 0.0106, 1.437 -0.8078 0.0394, 1.437 -0.7999 0.0584, 1.437 -0.8203 0.0231, 1.437 -0.7972 0.0787, 1.437 -0.8366 0.0106, 1.437 -0.6595 2.3819, 1.437 -0.69 2.3859, 1.437 -0.7617 2.0079, 1.437 -0.7185 2.3977, 1.437 -0.7735 1.9794, 1.437 -0.743 2.4165, 1.437 -0.7776 1.9488, 1.437 1.0701 0.0584, 1.437 1.0728 0.0787, 1.437 -0.2264 0.6247, 1.437 -0.2427 0.6372, 1.437 -0.5217 0.5513, 1.437 -0.4666 2.4694, 1.437 1.4665 2.5039, 1.437 0.9941 2.1102, 1.437 1.0145 2.1076, 1.437 1.1312 0.2178, 1.437 1.1516 0.2205, 1.437 1.4665 0.2205, 1.437 1.5453 0.2992, 1.437 1.5426 0.2788, 1.437 -0.876 0.0, 1.437 -0.8556 0.0027, 1.437 -0.128 3.5145, 1.437 -0.1116 3.527, 1.437 -0.0991 3.5433, 1.437 -0.0991 3.7402, 1.437 -0.1116 3.7565, 1.437 -0.128 3.769, 1.437 -0.5807 2.3819, 1.437 -0.743 2.0323, 1.437 -0.7185 2.0511, 1.437 -0.2264 2.0997, 1.437 1.5426 2.4456, 1.437 1.5059 0.231, 1.437 1.5222 0.2435, 1.437 1.5347 0.2598, 1.437 1.0335 2.0997, 1.437 1.0498 2.0872, 1.437 1.4869 2.5013, 1.437 1.5059 2.4934, 1.437 -0.7617 0.5945, 1.437 -0.7735 0.623, 1.437 -0.7776 0.6535, 1.437 -0.078 2.5433, 1.437 -0.0859 2.5623, 1.437 -0.0886 2.5827, 1.437 1.4869 0.2232, 1.437 -0.7617 2.4409, 1.437 -0.7735 2.4694, 1.437 -0.7776 2.5, 1.437 -0.2264 2.874, 1.437 -0.1673 2.874, 1.437 -0.0886 2.7953, 1.437 -0.1469 2.8713, 1.437 -0.2631 2.0519, 1.437 -0.4784 2.0079, 1.437 -0.2552 2.0709, 1.437 -0.4972 2.0323, 1.437 -0.5217 2.0511, 1.437 -0.5501 2.0629, 1.437 -0.0991 2.8346, 1.437 -0.1116 2.851, 1.437 -0.128 2.8635, 1.437 -0.69 2.0629, 1.437 -0.6595 2.0669, 1.437 -0.5807 2.0669, 1.437 -0.0913 2.8157, 1.437 -0.4666 0.623, 1.437 -0.2631 0.6725, 1.437 -0.4626 0.6535, 1.437 -0.2658 0.6929, 1.437 -0.4666 1.9794, 1.437 -0.4626 1.9488, 1.437 -0.2644 1.3323, 1.437 -0.2605 1.3228
            ]
        }
        coordIndex [
            0,1,2,-1,2,1,3,-1,4,5,6,-1,6,5,7,-1,8,9,10,-1,10,9,11,-1,12,13,14,-1,15,16,17,-1,18,19,20,-1,15,17,14,-1,14,17,21,-1,14,21,12,-1,22,10,23,-1,23,10,24,-1,25,26,27,-1,27,26,28,-1,29,30,31,-1,32,33,18,-1,18,33,34,-1,18,34,35,-1,36,37,35,-1,38,39,40,-1,40,39,41,-1,40,41,42,-1,43,44,10,-1,10,44,45,-1,10,45,24,-1,46,47,48,-1,48,47,49,-1,48,49,50,-1,20,51,18,-1,18,51,52,-1,18,52,32,-1,32,52,53,-1,32,53,54,-1,54,53,55,-1,55,56,54,-1,54,56,57,-1,54,57,58,-1,59,60,39,-1,39,60,61,-1,39,61,35,-1,35,61,62,-1,35,62,36,-1,63,25,64,-1,28,65,27,-1,27,65,6,-1,27,6,46,-1,46,6,7,-1,46,7,47,-1,18,66,67,-1,68,69,70,-1,71,72,40,-1,40,72,73,-1,74,75,76,-1,29,77,30,-1,30,77,78,-1,30,78,79,-1,30,80,81,-1,81,80,82,-1,81,82,83,-1,84,68,85,-1,85,68,18,-1,85,18,86,-1,86,18,67,-1,87,88,50,-1,50,88,29,-1,50,29,48,-1,48,29,31,-1,89,90,91,-1,91,90,57,-1,79,92,30,-1,30,92,93,-1,30,93,80,-1,83,69,81,-1,81,69,68,-1,81,68,94,-1,94,68,84,-1,95,96,97,-1,97,96,98,-1,42,43,40,-1,40,43,10,-1,40,10,71,-1,71,10,11,-1,98,99,97,-1,97,99,100,-1,97,100,73,-1,73,100,101,-1,73,101,40,-1,64,102,103,-1,104,105,97,-1,97,105,106,-1,97,106,95,-1,107,108,109,-1,110,111,112,-1,112,111,113,-1,114,115,64,-1,102,64,116,-1,116,64,117,-1,116,117,118,-1,119,120,105,-1,121,122,18,-1,18,122,123,-1,18,123,66,-1,124,125,126,-1,126,125,68,-1,126,68,111,-1,111,68,70,-1,111,70,113,-1,127,128,11,-1,11,128,129,-1,11,129,130,-1,131,132,133,-1,134,135,136,-1,107,109,91,-1,91,109,137,-1,91,137,89,-1,138,139,140,-1,140,139,141,-1,140,141,142,-1,143,144,145,-1,145,144,146,-1,145,146,147,-1,147,146,148,-1,147,148,149,-1,130,150,11,-1,11,150,151,-1,11,151,71,-1,38,152,39,-1,39,152,153,-1,39,153,59,-1,59,153,131,-1,59,131,154,-1,154,131,133,-1,25,27,64,-1,64,27,155,-1,64,155,114,-1,118,117,156,-1,156,117,157,-1,156,157,158,-1,104,159,105,-1,105,159,160,-1,105,160,119,-1,119,160,161,-1,119,161,162,-1,162,161,163,-1,57,90,58,-1,58,90,164,-1,58,164,141,-1,141,164,165,-1,141,165,142,-1,166,167,112,-1,112,167,168,-1,112,168,110,-1,124,169,125,-1,125,169,170,-1,125,170,171,-1,143,145,172,-1,172,145,173,-1,172,173,174,-1,74,76,115,-1,115,76,175,-1,115,175,64,-1,120,119,136,-1,136,119,176,-1,136,176,134,-1,177,178,179,-1,158,180,156,-1,156,180,181,-1,156,181,182,-1,182,181,136,-1,182,136,183,-1,183,136,135,-1,37,184,35,-1,35,184,185,-1,35,185,18,-1,18,185,186,-1,18,186,149,-1,103,187,64,-1,64,187,188,-1,64,188,189,-1,163,161,179,-1,179,161,190,-1,179,190,177,-1,148,191,149,-1,149,191,192,-1,149,192,18,-1,18,192,193,-1,18,193,121,-1,63,64,194,-1,194,64,189,-1,194,189,195,-1,195,189,196,-1,195,196,197,-1,0,198,199,-1,199,198,200,-1,199,200,201,-1,201,200,76,-1,201,76,202,-1,202,76,75,-1,202,75,203,-1,204,205,206,-1,174,207,172,-1,172,207,208,-1,172,208,75,-1,75,208,209,-1,75,209,203,-1,197,196,206,-1,206,196,210,-1,206,210,204,-1,132,131,211,-1,211,131,212,-1,211,212,213,-1,213,212,214,-1,213,214,16,-1,199,215,0,-1,0,215,216,-1,0,216,1,-1,1,216,213,-1,1,213,217,-1,217,213,16,-1,217,16,218,-1,218,16,15,-1,
        ]
    }
}
Shape{
    appearance Appearance {
        material  Material 	{
            diffuseColor 1.0 1.0 1.0
            specularColor 0.8784313725490196 0.8784313725490196 0.8784313725490196
            ambientIntensity 1.0
            transparency 0.0
            shininess 0.5
        }
    }
    geometry IndexedFaceSet {
        ccw TRUE
        solid FALSE
        coord DEF co Coordinate {
            point [
                1.3189 -0.5217 3.6259, 1.3189 -0.5501 3.6377, 1.3189 -0.1673 3.7795, 1.3189 -0.187 2.1102, 1.3189 -0.2074 2.1076, 1.3189 -0.2461 2.8793, 1.3189 -0.0655 2.527, 1.3189 -0.0492 2.5145, 1.3189 -0.4626 3.5236, 1.3189 -0.2542 2.9609, 1.3189 -0.2605 2.9528, 1.3189 -0.4626 2.5, 1.3189 -0.2644 2.9032, 1.3189 -0.2605 2.8937, 1.3189 -0.2542 2.8855, 1.3189 -0.4666 2.4694, 1.3189 -0.0913 3.7212, 1.3189 -0.0886 3.7008, 1.3189 -0.1469 3.7768, 1.3189 -0.4666 3.5542, 1.3189 -0.4784 3.5827, 1.3189 -0.2605 3.4843, 1.3189 -0.4972 3.6071, 1.3189 -0.2542 3.4924, 1.3189 -0.2461 3.4987, 1.3189 -0.2366 3.5026, 1.3189 -0.2461 3.4108, 1.3189 -0.2461 2.9672, 1.3189 -0.2542 3.417, 1.3189 -0.2605 3.4252, 1.3189 -0.2605 0.8504, 1.3189 -0.4972 0.57, 1.3189 -0.2542 0.8586, 1.3189 -0.4784 0.5945, 1.3189 -0.2264 3.5039, 1.3189 -0.0886 3.5827, 1.3189 -0.2644 2.9433, 1.3189 -0.2658 2.9331, 1.3189 -0.2658 2.9134, 1.3189 -0.4666 0.623, 1.3189 -0.2605 1.3228, 1.3189 -0.2542 1.3147, 1.3189 -0.0886 2.5827, 1.3189 -0.0859 2.5623, 1.3189 -0.078 2.5433, 1.3189 -0.2644 3.4748, 1.3189 -0.2658 3.4646, 1.3189 -0.4972 2.0323, 1.3189 -0.5217 2.0511, 1.3189 -0.4784 2.4409, 1.3189 -0.5501 2.0629, 1.3189 -0.5807 2.0669, 1.3189 1.0335 2.0997, 1.3189 1.0145 2.1076, 1.3189 1.4665 2.5039, 1.3189 0.9941 2.1102, 1.3189 -0.0098 2.5039, 1.3189 -0.0302 2.5066, 1.3189 -0.128 3.769, 1.3189 -0.1116 3.7565, 1.3189 -0.0991 3.7402, 1.3189 -0.0913 3.5623, 1.3189 -0.1469 3.5066, 1.3189 -0.1673 3.5039, 1.3189 -0.2658 3.4449, 1.3189 -0.2644 3.4347, 1.3189 -0.2264 2.0997, 1.3189 -0.2427 2.0872, 1.3189 -0.2552 2.0709, 1.3189 -0.2631 2.0519, 1.3189 -0.2461 1.3084, 1.3189 -0.2461 0.8648, 1.3189 -0.7185 2.0511, 1.3189 -0.743 2.0323, 1.3189 -0.743 2.4165, 1.3189 1.0728 2.0315, 1.3189 1.5453 2.4252, 1.3189 1.0728 0.6929, 1.3189 1.5453 0.2992, 1.3189 1.0701 0.6725, 1.3189 -1.1936 0.1621, 1.3189 -1.2015 0.1811, 1.3189 -0.7946 0.1621, 1.3189 -1.214 0.1974, 1.3189 -1.2303 0.2099, 1.3189 1.4869 2.5013, 1.3189 1.0623 2.0709, 1.3189 1.0498 2.0872, 1.3189 1.5059 2.4934, 1.3189 1.5222 2.4809, 1.3189 1.5347 2.4646, 1.3189 1.0701 2.0519, 1.3189 1.5426 2.4456, 1.3189 -0.0991 3.5433, 1.3189 -0.1116 3.527, 1.3189 -0.128 3.5145, 1.3189 -0.2644 1.3323, 1.3189 -0.4626 0.6535, 1.3189 -0.2658 1.3425, 1.3189 -0.4626 1.9488, 1.3189 -0.2658 2.0315, 1.3189 -0.4666 1.9794, 1.3189 -0.4784 2.0079, 1.3189 1.0498 0.6372, 1.3189 1.4665 0.2205, 1.3189 1.0335 0.6247, 1.3189 1.1516 0.2205, 1.3189 1.0145 0.6169, 1.3189 1.1312 0.2178, 1.3189 0.9941 0.6142, 1.3189 1.1122 0.2099, 1.3189 -0.187 0.6142, 1.3189 1.0959 0.1974, 1.3189 -0.2074 0.6169, 1.3189 1.0834 0.1811, 1.3189 -0.2644 0.8409, 1.3189 -0.2658 0.8307, 1.3189 -0.2658 0.6929, 1.3189 -0.2631 0.6725, 1.3189 -0.2552 0.6535, 1.3189 -0.5217 0.5513, 1.3189 -0.2427 0.6372, 1.3189 -0.5501 0.5395, 1.3189 -0.6595 0.5354, 1.3189 -0.5807 0.5354, 1.3189 1.0755 0.1621, 1.3189 0.7579 0.0, 1.3189 0.2854 0.0, 1.3189 0.2854 0.1417, 1.3189 -1.4272 3.7795, 1.3189 -0.7389 0.2178, 1.3189 -0.7579 0.2099, 1.3189 1.5222 0.2435, 1.3189 1.5059 0.231, 1.3189 1.4869 0.2232, 1.3189 -0.7735 3.5542, 1.3189 -0.7776 3.5236, 1.3189 -0.5501 2.3859, 1.3189 -0.5217 2.3977, 1.3189 -0.4972 2.4165, 1.3189 0.2827 0.1621, 1.3189 0.2749 0.1811, 1.3189 0.2624 0.1974, 1.3189 0.2461 0.2099, 1.3189 -1.1909 0.1417, 1.3189 -0.7972 0.1417, 1.3189 -1.1909 0.0787, 1.3189 -0.2366 2.8754, 1.3189 -0.2264 2.874, 1.3189 -0.1673 2.874, 1.3189 -0.0886 2.7953, 1.3189 -0.1469 2.8713, 1.3189 -0.128 2.8635, 1.3189 1.0623 0.6535, 1.3189 1.5426 0.2788, 1.3189 1.5347 0.2598, 1.3189 -0.2264 0.6247, 1.3189 -0.7185 3.6259, 1.3189 -0.743 3.6071, 1.3189 -0.7617 3.5827, 1.3189 -0.7776 2.5, 1.3189 -0.7735 2.4694, 1.3189 -0.7617 2.4409, 1.3189 0.2271 0.2178, 1.3189 -0.69 0.5395, 1.3189 -1.2697 0.2205, 1.3189 -1.4272 0.2205, 1.3189 -0.1116 2.851, 1.3189 -0.0991 2.8346, 1.3189 -0.0913 2.8157, 1.3189 -0.5807 3.6417, 1.3189 -0.6595 3.6417, 1.3189 -0.69 3.6377, 1.3189 -0.7185 2.3977, 1.3189 -0.69 2.3859, 1.3189 -0.69 2.0629, 1.3189 -0.7617 2.0079, 1.3189 -0.7735 1.9794, 1.3189 -0.7776 1.9488, 1.3189 -1.2493 0.2178, 1.3189 -0.7867 0.1811, 1.3189 -0.7742 0.1974, 1.3189 -0.7972 0.0787, 1.3189 -0.876 0.0, 1.3189 -1.1122 0.0, 1.3189 0.2067 0.2205, 1.3189 -0.7185 0.2205, 1.3189 -0.7185 0.5513, 1.3189 -0.743 0.57, 1.3189 -0.8203 0.0231, 1.3189 -0.8078 0.0394, 1.3189 -0.7999 0.0584, 1.3189 -0.8366 0.0106, 1.3189 -0.8556 0.0027, 1.3189 1.0728 0.1417, 1.3189 1.0728 0.0787, 1.3189 0.9941 0.0, 1.3189 1.0701 0.0584, 1.3189 1.0623 0.0394, 1.3189 -0.7776 0.6535, 1.3189 -0.7735 0.623, 1.3189 -0.7617 0.5945, 1.3189 -1.1326 0.0027, 1.3189 -1.1516 0.0106, 1.3189 -1.1883 0.0584, 1.3189 -1.1679 0.0231, 1.3189 -1.1804 0.0394, 1.3189 1.0498 0.0231, 1.3189 1.0335 0.0106, 1.3189 1.0145 0.0027, 1.3189 -0.6595 2.0669, 1.3189 -0.6595 2.3819, 1.3189 -0.5807 2.3819
            ]
        }
        coordIndex [
            0,1,2,-1,3,4,5,-1,6,7,3,-1,8,9,10,-1,11,12,13,-1,13,14,11,-1,11,14,5,-1,11,5,15,-1,16,17,18,-1,18,17,2,-1,19,20,21,-1,21,20,22,-1,21,22,23,-1,23,22,0,-1,23,0,24,-1,24,0,2,-1,24,2,25,-1,26,27,28,-1,28,27,9,-1,28,9,29,-1,29,9,8,-1,30,31,32,-1,32,31,33,-1,25,2,34,-1,34,2,17,-1,34,17,35,-1,10,36,8,-1,8,36,37,-1,8,37,11,-1,11,37,38,-1,11,38,12,-1,39,40,41,-1,42,43,3,-1,3,43,44,-1,3,44,6,-1,19,21,8,-1,8,21,45,-1,8,45,46,-1,47,48,49,-1,49,48,50,-1,49,50,51,-1,52,53,54,-1,54,53,55,-1,54,55,56,-1,56,55,3,-1,56,3,57,-1,57,3,7,-1,58,59,18,-1,18,59,60,-1,18,60,16,-1,61,62,35,-1,35,62,63,-1,35,63,34,-1,46,64,8,-1,8,64,65,-1,8,65,29,-1,5,4,15,-1,15,4,66,-1,15,66,49,-1,49,66,67,-1,49,67,47,-1,47,67,68,-1,47,68,69,-1,70,71,41,-1,41,71,32,-1,41,32,39,-1,39,32,33,-1,72,73,74,-1,75,76,77,-1,77,76,78,-1,77,78,79,-1,80,81,82,-1,82,81,83,-1,82,83,84,-1,85,86,54,-1,54,86,87,-1,54,87,52,-1,85,88,86,-1,86,88,89,-1,86,89,90,-1,75,91,76,-1,76,91,86,-1,76,86,92,-1,92,86,90,-1,61,93,62,-1,62,93,94,-1,62,94,95,-1,40,39,96,-1,96,39,97,-1,96,97,98,-1,98,97,99,-1,98,99,100,-1,100,99,101,-1,100,101,69,-1,69,101,102,-1,69,102,47,-1,103,104,105,-1,105,104,106,-1,105,106,107,-1,107,106,108,-1,107,108,109,-1,109,108,110,-1,109,110,111,-1,111,110,112,-1,111,112,113,-1,113,112,114,-1,30,115,31,-1,31,115,116,-1,31,116,117,-1,117,118,31,-1,31,118,119,-1,31,119,120,-1,120,119,121,-1,120,121,122,-1,123,124,125,-1,125,124,122,-1,126,127,128,-1,129,130,131,-1,132,133,103,-1,103,133,134,-1,103,134,104,-1,129,135,136,-1,137,138,51,-1,51,138,139,-1,51,139,49,-1,140,141,125,-1,125,141,142,-1,125,142,143,-1,80,82,144,-1,144,82,145,-1,144,145,146,-1,5,147,3,-1,3,147,148,-1,3,148,42,-1,42,148,149,-1,42,149,150,-1,150,149,151,-1,150,151,152,-1,79,78,153,-1,153,78,154,-1,153,154,103,-1,103,154,155,-1,103,155,132,-1,114,125,113,-1,113,125,122,-1,113,122,156,-1,156,122,121,-1,157,158,129,-1,129,158,159,-1,129,159,135,-1,136,160,129,-1,129,160,161,-1,129,161,73,-1,73,161,162,-1,73,162,74,-1,143,163,125,-1,125,163,164,-1,125,164,123,-1,165,166,129,-1,167,168,152,-1,152,168,169,-1,152,169,150,-1,1,170,2,-1,2,170,171,-1,2,171,129,-1,129,171,172,-1,129,172,157,-1,74,173,72,-1,72,173,174,-1,72,174,175,-1,73,176,129,-1,129,176,177,-1,129,177,178,-1,84,179,82,-1,82,179,165,-1,82,165,180,-1,180,165,129,-1,180,129,181,-1,181,129,131,-1,145,182,146,-1,146,182,183,-1,146,183,184,-1,163,185,164,-1,164,185,186,-1,164,186,187,-1,187,186,130,-1,187,130,188,-1,189,182,190,-1,190,182,191,-1,189,192,182,-1,182,192,193,-1,182,193,183,-1,140,125,128,-1,128,125,194,-1,128,194,126,-1,126,194,195,-1,126,195,196,-1,196,195,197,-1,196,197,198,-1,178,199,129,-1,129,199,200,-1,129,200,130,-1,130,200,201,-1,130,201,188,-1,184,202,146,-1,146,202,203,-1,146,203,204,-1,204,203,205,-1,204,205,206,-1,207,208,198,-1,198,208,209,-1,198,209,196,-1,175,174,210,-1,210,174,211,-1,210,211,51,-1,51,211,212,-1,51,212,137,-1,
        ]
    }
}
Shape{
    appearance Appearance {
        material  Material 	{
            diffuseColor 0.8509803921568627 0.8509803921568627 0.8509803921568627
            specularColor 0.4235294117647059 0.4235294117647059 0.4235294117647059
            ambientIntensity 0.851
            transparency 0.0
            shininess 0.5
        }
    }
    geometry IndexedFaceSet {
        ccw TRUE
        solid FALSE
        coord DEF co Coordinate {
            point [
                -0.0745 -1.4665 3.5038, -0.22 -1.4665 3.4718, -1.2795 -1.4665 3.7795, 0.0745 -1.4665 3.5038, 1.2795 -1.4665 3.7795, 0.22 -1.4665 3.4718, -0.3552 -1.4665 3.4093, -0.4738 -1.4665 3.3191, -0.5703 -1.4665 3.2055, 0.6799 -1.4665 2.9304, 0.64 -1.4665 3.0739, 0.5703 -1.4665 3.2055, -0.5703 -1.4665 1.6071, -0.4738 -1.4665 1.7207, -0.3552 -1.4665 1.8108, 0.5251 -1.4665 2.3729, 0.6087 -1.4665 2.4962, 1.2795 -1.4665 0.2205, 0.6639 -1.4665 2.6346, 0.688 -1.4665 2.7816, 0.4738 -1.4665 3.3191, 0.3552 -1.4665 3.4093, -0.64 -1.4665 3.0739, -0.6799 -1.4665 2.9304, -0.688 -1.4665 2.7816, 0.0745 -1.4665 1.9054, -0.417 -1.4665 2.2704, -0.2893 -1.4665 2.1936, -0.6639 -1.4665 2.6346, -0.6087 -1.4665 2.4962, -0.5251 -1.4665 2.3729, -0.22 -1.4665 1.8734, -0.0745 -1.4665 1.9054, -1.2795 -1.4665 0.2205, -0.6639 -1.4665 1.0362, -0.6087 -1.4665 0.8978, 0.2893 -1.4665 0.5952, 0.417 -1.4665 0.672, 0.6639 -1.4665 1.0362, 0.688 -1.4665 1.1832, 0.2893 -1.4665 2.1936, 0.3552 -1.4665 1.8108, 0.22 -1.4665 1.8734, 0.417 -1.4665 2.2704, 0.4738 -1.4665 1.7207, -0.64 -1.4665 1.4755, -0.6799 -1.4665 1.3319, -0.688 -1.4665 1.1832, -0.5251 -1.4665 0.7744, -0.417 -1.4665 0.672, -0.2893 -1.4665 0.5952, 0.5251 -1.4665 0.7744, 0.6087 -1.4665 0.8978, 0.6799 -1.4665 1.3319, 0.64 -1.4665 1.4755, 0.5703 -1.4665 1.6071, -0.1481 -1.4665 0.5476, 0.0 -1.4665 0.5315, 0.1481 -1.4665 0.5476, -0.1481 -1.4665 2.146, 0.0 -1.4665 2.1299, 0.1481 -1.4665 2.146, -1.3189 -0.2658 2.0315, -1.3189 -0.2658 1.3425, -1.437 -0.2658 2.0315, -1.437 -0.2658 1.3425, -1.437 -0.2658 2.9134, -1.437 -0.2658 2.9331, -1.3189 -0.2658 2.9134, -1.3189 -0.2658 2.9331, -1.437 0.7579 0.0, -1.437 0.9941 0.0, -1.3189 0.7579 0.0, -1.3189 0.9941 0.0, -1.3189 -0.1673 3.7795, -1.437 -0.1673 3.7795, -1.3189 -1.4272 3.7795, -1.437 -1.4665 3.7795, -1.3176 -1.4374 3.7795, -1.433 -1.4971 3.7795, -1.3136 -1.4469 3.7795, -1.4212 -1.5256 3.7795, -1.3074 -1.455 3.7795, -1.4024 -1.5501 3.7795, -1.2992 -1.4613 3.7795, 1.437 -1.4665 3.7795, 1.437 -0.1673 3.7795, 1.3189 -0.1673 3.7795, -1.3189 -1.5846 3.7795, -1.2897 -1.4652 3.7795, -1.3495 -1.5806 3.7795, -1.378 -1.5688 3.7795, 1.3189 -1.4272 3.7795, 1.3179 -1.4359 3.7795, 1.433 -1.4971 3.7795, 1.315 -1.4443 3.7795, 1.4212 -1.5256 3.7795, 1.3103 -1.4517 3.7795, 1.4024 -1.5501 3.7795, 1.3041 -1.4579 3.7795, 1.378 -1.5688 3.7795, 1.3495 -1.5806 3.7795, 1.2966 -1.4626 3.7795, 1.3189 -1.5846 3.7795, 1.2883 -1.4656 3.7795, -1.437 -0.2542 2.9609, -1.437 -0.2658 3.4449, -1.437 -0.2644 3.4347, -1.437 -0.4972 2.4165, -1.437 -0.4784 2.4409, -1.437 -0.2264 2.0997, -1.437 -0.2461 3.4108, -1.437 -0.2461 2.9672, -1.437 -0.2542 3.417, -1.437 -0.2605 3.4252, -1.437 -0.2542 0.8586, -1.437 -0.4972 0.57, -1.437 -0.4784 0.5945, -1.437 0.2067 0.2205, -1.437 1.1312 0.2178, -1.437 1.1122 0.2099, -1.437 1.0959 0.1974, -1.437 1.0834 0.1811, -1.437 1.0755 0.1621, -1.437 -0.7579 0.2099, -1.437 -0.7742 0.1974, -1.437 -1.214 0.1974, -1.437 -0.4972 3.6071, -1.437 -0.5217 3.6259, -1.437 -0.2605 3.4843, -1.437 -0.2542 3.4924, -1.437 -0.187 2.1102, -1.437 -0.2074 2.1076, -1.437 -0.2461 2.8793, -1.437 -0.2644 2.9032, -1.437 -0.2605 2.8937, -1.437 -0.4626 2.5, -1.437 -0.2542 2.8855, -1.437 -0.4666 2.4694, -1.437 -1.1909 0.1417, -1.437 -1.1936 0.1621, -1.437 -0.7972 0.1417, -1.437 -0.7946 0.1621, -1.437 -0.7867 0.1811, -1.437 -1.2015 0.1811, -1.437 -0.7735 0.623, -1.437 -0.7617 0.5945, -1.437 -1.4665 0.2205, -1.437 -0.6595 0.5354, -1.437 -0.5807 0.5354, -1.437 -1.2303 0.2099, -1.437 -0.5501 0.5395, -1.437 1.5453 0.2992, -1.437 -0.5501 3.6377, -1.437 0.2854 0.0, -1.437 0.2854 0.1417, -1.437 -1.2697 0.2205, -1.437 -0.2264 0.6247, -1.437 -0.2074 0.6169, -1.437 -0.187 0.6142, -1.437 0.9941 0.6142, -1.437 1.0145 0.6169, -1.437 -0.2461 1.3084, -1.437 -0.2461 0.8648, -1.437 -0.2542 1.3147, -1.437 -0.4666 0.623, -1.437 0.2624 0.1974, -1.437 0.2461 0.2099, -1.437 0.2271 0.2178, -1.437 -0.5807 3.6417, -1.437 -0.6595 3.6417, -1.437 -0.69 3.6377, -1.437 -0.7185 3.6259, -1.437 -0.743 3.6071, -1.437 -0.7617 3.5827, -1.437 -0.7735 3.5542, -1.437 -0.743 0.57, -1.437 -0.7185 0.5513, -1.437 -0.69 0.5395, -1.437 -0.2605 0.8504, -1.437 -0.2644 0.8409, -1.437 -0.2658 0.8307, -1.437 -0.2658 0.6929, -1.437 -0.2631 0.6725, -1.437 -0.5217 0.5513, -1.437 -0.2552 0.6535, -1.437 -0.2427 0.6372, -1.437 1.0498 2.0872, -1.437 1.0335 2.0997, -1.437 1.4665 2.5039, -1.437 -0.0655 2.527, -1.437 -0.0492 2.5145, -1.437 -0.0913 3.7212, -1.437 -0.0886 3.7008, -1.437 -0.1469 3.7768, -1.437 -0.2461 3.4987, -1.437 -0.2366 3.5026, -1.437 -0.4626 3.5236, -1.437 -0.4666 3.5542, -1.437 -0.4784 3.5827, -1.437 -0.7617 2.4409, -1.437 -0.743 2.4165, -1.437 -0.5807 2.0669, -1.437 -0.7185 2.3977, -1.437 1.1516 0.2205, -1.437 1.4665 0.2205, -1.437 1.5426 0.2788, -1.437 1.5347 0.2598, -1.437 1.5222 0.2435, -1.437 1.5059 0.231, -1.437 1.4869 0.2232, -1.437 -0.7389 0.2178, -1.437 -0.7185 0.2205, -1.437 1.0728 0.1417, -1.437 1.0728 0.0787, -1.437 0.2827 0.1621, -1.437 0.2749 0.1811, -1.437 -0.8556 0.0027, -1.437 -0.876 0.0, -1.437 -0.7972 0.0787, -1.437 -1.2493 0.2178, -1.437 -0.0886 2.5827, -1.437 -0.0859 2.5623, -1.437 -0.078 2.5433, -1.437 -0.0302 2.5066, -1.437 -0.0098 2.5039, -1.437 0.9941 2.1102, -1.437 1.0145 2.1076, -1.437 -0.2264 3.5039, -1.437 -0.0886 3.5827, -1.437 -0.7999 0.0584, -1.437 -0.8078 0.0394, -1.437 -0.8203 0.0231, -1.437 -0.7776 3.5236, -1.437 -0.7776 2.5, -1.437 -0.7735 2.4694, -1.437 -0.743 2.0323, -1.437 -0.7617 2.0079, -1.437 -0.7735 1.9794, -1.437 -0.7776 1.9488, -1.437 -0.7776 0.6535, -1.437 1.0335 0.6247, -1.437 1.0498 0.6372, -1.437 1.0623 0.6535, -1.437 1.0701 0.6725, -1.437 1.0728 0.6929, -1.437 1.5453 2.4252, -1.437 1.0728 2.0315, -1.437 -0.5501 2.3859, -1.437 -0.5217 2.0511, -1.437 -0.5501 2.0629, -1.437 -0.2427 2.0872, -1.437 -0.4784 2.0079, -1.437 -0.4972 2.0323, -1.437 -0.5217 2.3977, -1.437 -0.6595 2.0669, -1.437 -0.69 2.0629, -1.437 -0.7185 2.0511, -1.437 1.5059 2.4934, -1.437 1.5222 2.4809, -1.437 1.0623 2.0709, -1.437 1.5347 2.4646, -1.437 -0.128 3.769, -1.437 -0.1116 3.7565, -1.437 -0.0991 3.7402, -1.437 -0.0913 3.5623, -1.437 -0.1469 3.5066, -1.437 -0.1673 3.5039, -1.437 -0.2644 3.4748, -1.437 -0.2658 3.4646, -1.437 1.0701 0.0584, -1.437 1.0623 0.0394, -1.437 1.0498 0.0231, -1.437 1.0335 0.0106, -1.437 -0.8366 0.0106, -1.437 -1.1804 0.0394, -1.437 -1.1883 0.0584, -1.437 -1.1679 0.0231, -1.437 -1.1909 0.0787, -1.437 -1.1516 0.0106, -1.437 1.0701 2.0519, -1.437 1.5426 2.4456, -1.437 -0.2605 2.9528, -1.437 -0.2644 2.9433, -1.437 1.0145 0.0027, -1.437 -1.1122 0.0, -1.437 -1.1326 0.0027, -1.437 1.4869 2.5013, -1.437 -0.0991 3.5433, -1.437 -0.1116 3.527, -1.437 -0.128 3.5145, -1.437 -0.2552 2.0709, -1.437 -0.2631 2.0519, -1.437 -0.4666 1.9794, -1.437 -0.4626 1.9488, -1.437 -0.4626 0.6535, -1.437 -0.2644 1.3323, -1.437 -0.2605 1.3228, -1.437 -0.69 2.3859, -1.437 -0.6595 2.3819, -1.437 -0.5807 2.3819, -1.437 -0.2366 2.8754, -1.437 -0.2264 2.874, -1.437 -0.1673 2.874, -1.437 -0.0886 2.7953, -1.437 -0.1469 2.8713, -1.437 -0.128 2.8635, -1.437 -0.1116 2.851, -1.437 -0.0991 2.8346, -1.437 -0.0913 2.8157, -1.3189 -1.2697 0.2205, -1.3189 -1.4272 0.2205, -1.3176 -1.4374 0.2205, -1.433 -1.4971 0.2205, -1.3136 -1.4469 0.2205, -1.4212 -1.5256 0.2205, 1.3189 -1.2697 0.2205, 1.437 -1.2697 0.2205, 1.3189 -1.4272 0.2205, 1.437 -1.4665 0.2205, 1.3179 -1.4359 0.2205, 1.315 -1.4443 0.2205, 1.433 -1.4971 0.2205, 1.3103 -1.4517 0.2205, 1.3189 -1.5846 0.2205, 1.2883 -1.4656 0.2205, 1.3495 -1.5806 0.2205, 1.2966 -1.4626 0.2205, 1.378 -1.5688 0.2205, 1.3041 -1.4579 0.2205, 1.4024 -1.5501 0.2205, 1.4212 -1.5256 0.2205, -1.4024 -1.5501 0.2205, -1.3074 -1.455 0.2205, -1.378 -1.5688 0.2205, -1.2992 -1.4613 0.2205, -1.3495 -1.5806 0.2205, -1.2897 -1.4652 0.2205, -1.3189 -1.5846 0.2205, -0.22 -1.5846 3.4718, -0.3552 -1.5846 3.4093, -0.4738 -1.5846 3.3191, -0.2893 -1.5846 0.5952, -0.417 -1.5846 0.672, 0.6087 -1.5846 2.4962, 0.5251 -1.5846 2.3729, 0.417 -1.5846 2.2704, 0.2893 -1.5846 2.1936, 0.0 -1.5846 2.1299, -0.4738 -1.5846 1.7207, -0.3552 -1.5846 1.8108, -0.0745 -1.5846 3.5038, 0.0745 -1.5846 3.5038, 0.22 -1.5846 3.4718, 0.3552 -1.5846 3.4093, -0.5251 -1.5846 0.7744, -0.6087 -1.5846 0.8978, -0.6639 -1.5846 1.0362, 0.4738 -1.5846 3.3191, 0.5703 -1.5846 3.2055, 0.64 -1.5846 3.0739, 0.6639 -1.5846 1.0362, 0.6087 -1.5846 0.8978, -0.1481 -1.5846 2.146, -0.2893 -1.5846 2.1936, -0.5703 -1.5846 1.6071, -0.417 -1.5846 2.2704, -0.5251 -1.5846 2.3729, -0.6799 -1.5846 2.9304, -0.64 -1.5846 3.0739, -0.5703 -1.5846 3.2055, 0.6799 -1.5846 2.9304, 0.688 -1.5846 2.7816, 0.6639 -1.5846 2.6346, -0.688 -1.5846 1.1832, -0.6799 -1.5846 1.3319, -0.64 -1.5846 1.4755, 0.688 -1.5846 1.1832, 0.2893 -1.5846 0.5952, 0.1481 -1.5846 0.5476, 0.0 -1.5846 0.5315, -0.1481 -1.5846 0.5476, 0.1481 -1.5846 2.146, 0.22 -1.5846 1.8734, 0.3552 -1.5846 1.8108, 0.4738 -1.5846 1.7207, 0.5251 -1.5846 0.7744, 0.417 -1.5846 0.672, -0.6087 -1.5846 2.4962, -0.6639 -1.5846 2.6346, -0.688 -1.5846 2.7816, 0.5703 -1.5846 1.6071, 0.64 -1.5846 1.4755, 0.6799 -1.5846 1.3319, -0.22 -1.5846 1.8734, -0.0745 -1.5846 1.9054, 0.0745 -1.5846 1.9054, -1.3189 -1.1909 0.1417, -1.3189 -1.1909 0.0787, -1.3189 -1.1122 0.0, -1.3189 -0.876 0.0, -1.3189 -0.7972 0.0787, -1.3189 -0.7972 0.1417, -1.3189 -0.7185 0.2205, -1.3189 0.2067 0.2205, -1.5056 0.2854 -0.2612, -1.4028 0.2854 -0.3193, -1.4679 0.2854 -0.1785, -1.3566 0.2854 -0.2182, -1.4448 0.2854 -0.0906, -1.3284 0.2854 -0.1107, -1.3189 0.2854 0.0, -1.3189 0.2854 0.1417, -1.3189 1.0728 0.0787, -1.3189 1.0728 0.1417, -1.3189 1.1516 0.2205, -1.3189 1.4665 0.2205, -1.3189 1.5453 0.2992, -1.3189 1.5453 2.4252, -1.3189 1.4665 2.5039, -1.3189 -0.0098 2.5039, -1.3189 -0.0886 2.5827, -1.3189 -0.0886 2.7953, -1.3189 -0.1673 2.874, -1.3189 -0.2264 2.874, -1.3189 -0.2658 3.4646, -1.3189 -0.2658 3.4449, -1.3189 -0.1673 3.5039, -1.3189 -0.2264 3.5039, -1.3189 -0.0886 3.5827, -1.3189 -0.0886 3.7008, -1.3189 -0.2542 0.8586, -1.3189 -0.2461 0.8648, -1.3189 -0.2461 1.3084, -1.3189 -0.2542 1.3147, -1.3189 -0.2658 0.8307, -1.3189 -0.2644 0.8409, -1.3189 1.0728 2.0315, -1.3189 -0.2605 0.8504, -1.3189 1.0755 0.1621, -1.3189 1.0728 0.6929, -1.3189 1.0701 0.6725, -1.3189 -0.7617 3.5827, -1.3189 -0.743 3.6071, -1.3189 -0.7185 3.6259, -1.3189 -0.2461 2.8793, -1.3189 -0.2542 2.8855, -1.3189 -0.4972 2.0323, -1.3189 -0.2605 2.8937, -1.3189 -0.2644 2.9032, -1.3189 -0.2542 3.417, -1.3189 -0.4972 3.6071, -1.3189 -0.4784 3.5827, -1.3189 -0.2366 3.5026, -1.3189 -0.4972 2.4165, -1.3189 -0.5217 2.3977, -1.3189 -0.2605 3.4252, -1.3189 -0.2644 3.4347, -1.3189 -0.2605 3.4843, -1.3189 -0.5217 3.6259, -1.3189 -0.2542 3.4924, -1.3189 -0.2461 3.4987, -1.3189 -0.5807 3.6417, -1.3189 -0.6595 3.6417, -1.3189 -0.69 3.6377, -1.3189 1.0623 0.6535, -1.3189 1.0498 0.6372, -1.3189 1.0335 0.6247, -1.3189 -0.5501 2.3859, -1.3189 -0.5807 2.3819, -1.3189 -0.5217 2.0511, -1.3189 -0.4666 3.5542, -1.3189 -0.2605 2.9528, -1.3189 -0.2542 2.9609, -1.3189 -0.2644 3.4748, -1.3189 -0.7735 1.9794, -1.3189 -0.7617 2.0079, -1.3189 -0.5501 3.6377, -1.3189 -0.0302 2.5066, -1.3189 -0.2264 2.0997, -1.3189 -0.2074 2.1076, -1.3189 -0.0655 2.527, -1.3189 -0.078 2.5433, -1.3189 1.0834 0.1811, -1.3189 1.0959 0.1974, -1.3189 1.1122 0.2099, -1.3189 -0.0913 3.5623, -1.3189 -0.1469 3.5066, -1.3189 1.0623 0.0394, -1.3189 1.0701 0.0584, -1.3189 0.9941 0.6142, -1.3189 1.0145 0.0027, -1.3189 1.0335 0.0106, -1.3189 1.5059 2.4934, -1.3189 1.0498 2.0872, -1.3189 1.5222 2.4809, -1.3189 1.5347 2.4646, -1.3189 1.0145 2.1076, -1.3189 1.0335 2.0997, -1.3189 1.4869 2.5013, -1.3189 1.1312 0.2178, -1.3189 1.5426 2.4456, -1.3189 1.0623 2.0709, -1.3189 1.0701 2.0519, -1.3189 -0.2644 2.9433, -1.3189 -0.4626 3.5236, -1.3189 -0.7946 0.1621, -1.3189 -0.7867 0.1811, -1.3189 -0.7185 0.5513, -1.3189 -0.7742 0.1974, -1.3189 -0.7579 0.2099, -1.3189 -0.7389 0.2178, -1.3189 -0.743 2.0323, -1.3189 -0.7735 2.4694, -1.3189 -0.7776 2.5, -1.3189 -0.0913 3.7212, -1.3189 -0.1469 3.7768, -1.3189 -0.2461 2.9672, -1.3189 -0.2461 3.4108, -1.3189 -0.7735 0.623, -1.3189 -0.7776 0.6535, -1.3189 -1.2303 0.2099, -1.3189 -0.7776 1.9488, -1.3189 -1.2493 0.2178, -1.3189 -0.7776 3.5236, -1.3189 -0.7735 3.5542, -1.3189 1.0145 0.6169, -1.3189 1.0498 0.0231, -1.3189 -0.187 2.1102, -1.3189 0.9941 2.1102, -1.3189 -0.0492 2.5145, -1.3189 -0.2552 2.0709, -1.3189 -0.2427 2.0872, -1.3189 0.2461 0.2099, -1.3189 0.2624 0.1974, -1.3189 0.2749 0.1811, -1.3189 0.2827 0.1621, -1.3189 -0.2366 2.8754, -1.3189 -0.128 3.5145, -1.3189 -0.1116 3.527, -1.3189 -0.0991 3.5433, -1.3189 -0.0991 3.7402, -1.3189 -0.1116 3.7565, -1.3189 -0.128 3.769, -1.3189 -0.187 0.6142, -1.3189 -0.2074 0.6169, -1.3189 -0.5217 0.5513, -1.3189 -0.2264 0.6247, -1.3189 0.2271 0.2178, -1.3189 -0.4626 2.5, -1.3189 -0.4666 2.4694, -1.3189 -0.4784 2.4409, -1.3189 -0.8203 0.0231, -1.3189 -0.8078 0.0394, -1.3189 -0.8366 0.0106, -1.3189 -0.8556 0.0027, -1.3189 -0.7999 0.0584, -1.3189 -0.5501 0.5395, -1.3189 -0.5807 0.5354, -1.3189 -0.6595 0.5354, -1.3189 -0.69 0.5395, -1.3189 -0.2631 2.0519, -1.3189 -0.4784 2.0079, -1.3189 -0.4784 0.5945, -1.3189 -0.4972 0.57, -1.3189 -0.2552 0.6535, -1.3189 -0.2427 0.6372, -1.3189 1.4869 0.2232, -1.3189 -0.7617 0.5945, -1.3189 -1.214 0.1974, -1.3189 -0.743 0.57, -1.3189 -1.2015 0.1811, -1.3189 -1.1936 0.1621, -1.3189 1.5347 0.2598, -1.3189 1.5426 0.2788, -1.3189 1.5222 0.2435, -1.3189 1.5059 0.231, -1.3189 -0.6595 2.0669, -1.3189 -0.5807 2.0669, -1.3189 -0.5501 2.0629, -1.3189 -0.0859 2.5623, -1.3189 -0.1469 2.8713, -1.3189 -0.0991 2.8346, -1.3189 -0.1116 2.851, -1.3189 -0.128 2.8635, -1.3189 -1.1883 0.0584, -1.3189 -1.1804 0.0394, -1.3189 -1.1679 0.0231, -1.3189 -0.6595 2.3819, -1.3189 -0.69 2.3859, -1.3189 -0.69 2.0629, -1.3189 -0.7185 2.3977, -1.3189 -0.7185 2.0511, -1.3189 -0.743 2.4165, -1.3189 -0.7617 2.4409, -1.3189 -0.4666 0.623, -1.3189 -0.2631 0.6725, -1.3189 -0.4626 0.6535, -1.3189 -0.2658 0.6929, -1.3189 -1.1516 0.0106, -1.3189 -1.1326 0.0027, -1.3189 -0.4666 1.9794, -1.3189 -0.4626 1.9488, -1.3189 -0.2644 1.3323, -1.3189 -0.2605 1.3228, -1.3189 -0.0913 2.8157
            ]
        }
        coordIndex [
            0,1,2,-1,0,2,3,-1,3,2,4,-1,3,4,5,-1,1,6,2,-1,2,6,7,-1,2,7,8,-1,9,10,4,-1,4,10,11,-1,12,2,13,-1,13,2,14,-1,15,16,17,-1,17,16,18,-1,17,18,4,-1,4,18,19,-1,4,19,9,-1,11,20,4,-1,4,20,21,-1,4,21,5,-1,8,22,2,-1,2,22,23,-1,2,23,24,-1,25,26,27,-1,24,28,2,-1,2,28,29,-1,2,29,14,-1,14,29,30,-1,14,30,31,-1,31,30,26,-1,31,26,32,-1,32,26,25,-1,33,34,35,-1,17,36,37,-1,17,38,39,-1,40,41,42,-1,40,43,41,-1,41,43,15,-1,41,15,44,-1,12,45,2,-1,2,45,46,-1,2,46,33,-1,33,46,47,-1,33,47,34,-1,35,48,33,-1,33,48,49,-1,33,49,50,-1,37,51,17,-1,17,51,52,-1,17,52,38,-1,39,53,17,-1,17,53,54,-1,17,54,15,-1,15,54,55,-1,15,55,44,-1,50,56,33,-1,33,56,57,-1,33,57,17,-1,17,57,58,-1,17,58,36,-1,27,59,25,-1,25,59,60,-1,25,60,42,-1,42,60,61,-1,42,61,40,-1,62,63,64,-1,64,63,65,-1,66,67,68,-1,68,67,69,-1,70,71,72,-1,72,71,73,-1,74,75,76,-1,76,75,77,-1,76,77,78,-1,78,77,79,-1,78,79,80,-1,80,79,81,-1,80,81,82,-1,82,81,83,-1,82,83,84,-1,85,86,87,-1,88,89,90,-1,90,89,84,-1,90,84,91,-1,91,84,83,-1,87,92,85,-1,85,92,93,-1,85,93,94,-1,94,93,95,-1,94,95,96,-1,96,95,97,-1,96,97,98,-1,98,97,99,-1,98,99,100,-1,100,99,101,-1,101,99,102,-1,101,102,103,-1,102,104,103,-1,103,104,4,-1,103,4,88,-1,88,4,2,-1,88,2,89,-1,105,106,107,-1,108,109,110,-1,111,112,113,-1,113,112,105,-1,113,105,114,-1,114,105,107,-1,115,116,117,-1,118,119,120,-1,120,121,118,-1,118,121,122,-1,118,122,123,-1,124,125,126,-1,127,128,129,-1,129,128,130,-1,131,132,133,-1,134,135,136,-1,136,135,137,-1,136,137,138,-1,138,137,133,-1,138,133,109,-1,109,133,132,-1,109,132,110,-1,139,140,141,-1,141,140,142,-1,125,143,126,-1,126,143,142,-1,126,142,144,-1,144,142,140,-1,145,146,147,-1,148,149,150,-1,150,149,151,-1,150,151,152,-1,128,153,75,-1,70,154,155,-1,147,146,156,-1,157,158,151,-1,151,158,159,-1,151,159,152,-1,152,159,160,-1,152,160,161,-1,162,163,164,-1,164,163,115,-1,164,115,165,-1,165,115,117,-1,166,167,123,-1,123,167,168,-1,123,168,118,-1,153,169,75,-1,75,169,170,-1,75,170,77,-1,77,170,171,-1,77,171,172,-1,172,173,77,-1,77,173,174,-1,77,174,175,-1,176,177,150,-1,150,177,178,-1,150,178,148,-1,115,179,116,-1,116,179,180,-1,116,180,181,-1,181,182,116,-1,116,182,183,-1,116,183,184,-1,184,183,185,-1,184,185,151,-1,151,185,186,-1,151,186,157,-1,187,188,189,-1,131,190,191,-1,192,193,194,-1,194,193,75,-1,130,128,195,-1,195,128,75,-1,195,75,196,-1,197,198,129,-1,129,198,199,-1,129,199,127,-1,200,201,202,-1,202,201,203,-1,204,152,205,-1,205,152,206,-1,205,206,207,-1,207,208,205,-1,205,208,209,-1,205,209,210,-1,124,126,211,-1,211,126,150,-1,211,150,212,-1,212,150,152,-1,212,152,118,-1,118,152,204,-1,118,204,119,-1,70,213,214,-1,70,155,213,-1,213,155,215,-1,213,215,123,-1,123,215,216,-1,123,216,166,-1,217,218,219,-1,219,218,141,-1,176,150,146,-1,146,150,220,-1,146,220,156,-1,221,222,131,-1,131,222,223,-1,131,223,190,-1,191,224,131,-1,131,224,225,-1,131,225,226,-1,226,225,189,-1,226,189,227,-1,227,189,188,-1,196,75,228,-1,228,75,193,-1,228,193,229,-1,230,231,232,-1,175,233,77,-1,77,233,234,-1,77,234,235,-1,236,237,235,-1,235,237,238,-1,235,238,77,-1,77,238,239,-1,77,239,147,-1,147,239,240,-1,147,240,145,-1,161,241,152,-1,152,241,242,-1,152,242,243,-1,243,244,152,-1,152,244,245,-1,152,245,246,-1,246,245,247,-1,248,249,250,-1,251,252,110,-1,110,252,253,-1,110,253,108,-1,108,253,249,-1,108,249,254,-1,254,249,248,-1,202,255,200,-1,200,255,256,-1,200,256,235,-1,235,256,257,-1,235,257,236,-1,258,259,260,-1,260,259,261,-1,262,263,194,-1,194,263,264,-1,194,264,192,-1,265,266,229,-1,229,266,267,-1,229,267,228,-1,129,268,197,-1,197,268,269,-1,197,269,106,-1,270,271,214,-1,214,271,272,-1,214,272,273,-1,230,232,219,-1,219,232,274,-1,219,274,217,-1,275,276,277,-1,277,276,278,-1,277,278,279,-1,247,280,246,-1,246,280,260,-1,246,260,281,-1,281,260,261,-1,105,282,106,-1,106,282,283,-1,106,283,197,-1,197,283,67,-1,197,67,136,-1,136,67,66,-1,136,66,134,-1,273,284,214,-1,214,284,71,-1,214,71,70,-1,141,218,139,-1,139,218,285,-1,139,285,278,-1,278,285,286,-1,278,286,279,-1,187,189,260,-1,260,189,287,-1,260,287,258,-1,265,288,266,-1,266,288,289,-1,266,289,290,-1,251,291,252,-1,252,291,292,-1,252,292,293,-1,293,292,64,-1,293,64,294,-1,294,64,65,-1,294,65,295,-1,295,65,296,-1,295,296,165,-1,165,296,297,-1,165,297,164,-1,203,298,202,-1,202,298,299,-1,202,299,250,-1,250,299,300,-1,250,300,248,-1,133,301,131,-1,131,301,302,-1,131,302,221,-1,221,302,303,-1,221,303,304,-1,304,303,305,-1,304,305,306,-1,307,308,306,-1,306,308,309,-1,306,309,304,-1,147,156,310,-1,310,311,147,-1,147,311,312,-1,147,312,313,-1,313,312,314,-1,313,314,315,-1,316,317,318,-1,318,317,319,-1,318,319,320,-1,320,319,321,-1,321,319,322,-1,321,322,323,-1,324,325,326,-1,326,325,327,-1,326,327,328,-1,328,327,329,-1,328,329,330,-1,330,329,323,-1,330,323,331,-1,331,323,322,-1,315,314,332,-1,332,314,333,-1,332,333,334,-1,334,333,335,-1,334,335,336,-1,336,335,337,-1,336,337,338,-1,338,337,33,-1,338,33,324,-1,324,33,17,-1,324,17,325,-1,339,88,340,-1,340,88,341,-1,342,343,338,-1,344,345,324,-1,324,345,346,-1,324,346,347,-1,348,349,350,-1,339,351,88,-1,88,351,352,-1,88,352,103,-1,103,352,353,-1,103,353,354,-1,343,355,338,-1,338,355,356,-1,338,356,357,-1,354,358,103,-1,103,358,359,-1,103,359,360,-1,361,362,324,-1,348,363,349,-1,349,363,364,-1,349,364,365,-1,365,364,366,-1,365,366,367,-1,368,369,88,-1,88,369,370,-1,88,370,341,-1,360,371,103,-1,103,371,372,-1,103,372,324,-1,324,372,373,-1,324,373,344,-1,357,374,338,-1,338,374,375,-1,338,375,88,-1,88,375,376,-1,88,376,365,-1,361,324,377,-1,378,379,324,-1,324,379,380,-1,324,380,338,-1,338,380,381,-1,338,381,342,-1,382,383,347,-1,347,383,384,-1,347,384,385,-1,362,386,324,-1,324,386,387,-1,324,387,378,-1,367,388,365,-1,365,388,389,-1,365,389,88,-1,88,389,390,-1,88,390,368,-1,385,391,347,-1,347,391,392,-1,347,392,324,-1,324,392,393,-1,324,393,377,-1,350,394,348,-1,348,394,395,-1,348,395,382,-1,382,395,396,-1,382,396,383,-1,139,278,397,-1,397,278,398,-1,285,218,399,-1,399,218,400,-1,219,141,401,-1,401,141,402,-1,212,118,403,-1,403,118,404,-1,405,406,407,-1,407,406,408,-1,407,408,409,-1,409,408,410,-1,409,410,154,-1,154,410,411,-1,154,411,155,-1,155,411,412,-1,214,213,413,-1,413,213,414,-1,204,205,415,-1,415,205,416,-1,152,246,417,-1,417,246,418,-1,189,225,419,-1,419,225,420,-1,221,304,421,-1,421,304,422,-1,303,302,423,-1,423,302,424,-1,425,426,269,-1,269,426,106,-1,427,428,267,-1,267,428,228,-1,229,193,429,-1,429,193,430,-1,431,432,433,-1,434,435,436,-1,417,418,437,-1,434,436,433,-1,433,436,438,-1,433,438,431,-1,439,440,441,-1,442,443,76,-1,76,443,444,-1,445,446,447,-1,447,446,448,-1,447,448,449,-1,450,451,452,-1,74,453,428,-1,447,454,455,-1,450,456,451,-1,451,456,457,-1,451,457,426,-1,451,458,459,-1,459,458,460,-1,459,460,461,-1,462,74,463,-1,463,74,76,-1,463,76,464,-1,464,76,444,-1,441,465,439,-1,439,465,466,-1,439,466,467,-1,455,468,447,-1,447,468,469,-1,447,469,470,-1,471,472,473,-1,426,425,451,-1,451,425,474,-1,451,474,458,-1,401,402,399,-1,76,475,476,-1,461,453,459,-1,459,453,74,-1,459,74,477,-1,477,74,462,-1,478,479,480,-1,447,481,482,-1,439,483,440,-1,440,483,484,-1,440,484,485,-1,486,429,487,-1,487,429,427,-1,488,489,413,-1,72,73,490,-1,490,73,491,-1,490,491,492,-1,493,494,495,-1,495,494,496,-1,497,498,419,-1,419,498,494,-1,419,494,499,-1,499,494,493,-1,485,500,440,-1,440,500,415,-1,440,415,437,-1,496,494,501,-1,501,494,502,-1,501,502,418,-1,418,502,503,-1,418,503,437,-1,472,471,504,-1,504,471,505,-1,504,505,69,-1,402,506,399,-1,399,506,507,-1,399,507,508,-1,507,509,508,-1,508,509,510,-1,508,510,511,-1,476,512,76,-1,76,512,513,-1,76,513,514,-1,515,516,430,-1,430,516,74,-1,430,74,429,-1,429,74,428,-1,429,428,427,-1,517,518,473,-1,473,518,450,-1,473,450,471,-1,471,450,452,-1,519,520,521,-1,521,520,522,-1,521,522,523,-1,523,522,475,-1,523,475,310,-1,310,475,76,-1,310,76,311,-1,514,524,76,-1,76,524,525,-1,76,525,442,-1,467,526,439,-1,439,526,490,-1,439,490,414,-1,414,490,492,-1,414,492,413,-1,413,492,527,-1,413,527,488,-1,478,480,420,-1,420,480,528,-1,420,528,419,-1,419,528,529,-1,419,529,497,-1,530,531,478,-1,478,531,532,-1,478,532,479,-1,533,534,72,-1,72,534,535,-1,535,536,72,-1,72,536,412,-1,72,412,411,-1,423,424,447,-1,447,424,537,-1,447,537,445,-1,538,539,487,-1,487,539,540,-1,487,540,486,-1,515,541,516,-1,516,541,542,-1,516,542,543,-1,544,545,546,-1,546,545,547,-1,490,544,72,-1,72,544,546,-1,72,546,533,-1,533,546,548,-1,69,505,68,-1,68,505,549,-1,68,549,449,-1,449,549,550,-1,449,550,447,-1,447,550,551,-1,447,551,454,-1,552,553,554,-1,554,553,555,-1,399,400,401,-1,401,400,555,-1,401,555,556,-1,556,555,553,-1,557,558,403,-1,403,558,559,-1,403,559,511,-1,511,559,560,-1,511,560,508,-1,508,397,398,-1,530,481,531,-1,531,481,447,-1,531,447,561,-1,561,447,562,-1,561,562,62,-1,563,564,565,-1,565,564,546,-1,565,546,566,-1,566,546,547,-1,437,415,417,-1,417,415,416,-1,417,416,567,-1,519,521,568,-1,568,521,569,-1,568,569,570,-1,570,569,571,-1,570,571,508,-1,508,571,572,-1,508,572,397,-1,557,403,546,-1,546,403,404,-1,546,404,548,-1,573,574,575,-1,575,574,417,-1,575,417,576,-1,576,417,567,-1,577,578,469,-1,469,578,579,-1,469,579,470,-1,482,580,447,-1,447,580,421,-1,447,421,423,-1,423,421,422,-1,423,422,581,-1,582,583,584,-1,398,585,508,-1,508,585,586,-1,508,586,587,-1,469,588,577,-1,577,588,589,-1,577,589,590,-1,590,589,591,-1,590,591,592,-1,592,591,593,-1,592,593,512,-1,512,593,594,-1,512,594,513,-1,563,565,595,-1,595,565,596,-1,595,596,597,-1,597,596,598,-1,597,598,435,-1,587,599,508,-1,508,599,600,-1,508,600,399,-1,562,601,62,-1,62,601,602,-1,62,602,63,-1,63,602,597,-1,63,597,603,-1,603,597,435,-1,603,435,604,-1,604,435,434,-1,581,422,584,-1,584,422,605,-1,584,605,582,-1,131,226,528,-1,528,226,529,-1,182,181,598,-1,598,181,435,-1,160,159,490,-1,490,159,544,-1,440,437,245,-1,245,437,247,-1,
        ]
    }
}
Shape{
    appearance Appearance {
        material  Material 	{
            diffuseColor 1.0 1.0 1.0
            specularColor 0.8784313725490196 0.8784313725490196 0.8784313725490196
            ambientIntensity 1.0
            transparency 0.0
            shininess 0.5
        }
    }
    geometry IndexedFaceSet {
        ccw TRUE
        solid FALSE
        coord DEF co Coordinate {
            point [
                -1.3189 -0.4626 2.5, -1.437 -0.4626 2.5, -1.3189 -0.4666 2.4694, -1.437 -0.4666 2.4694, -1.3189 -0.4784 2.4409, -1.437 -0.4784 2.4409, -1.3189 -0.4972 2.4165, -1.437 -0.4972 2.4165, -1.3189 -0.5217 2.3977, -1.437 -0.5217 2.3977, -1.3189 -0.5501 2.3859, -1.437 -0.5501 2.3859, -1.3189 -0.5807 2.3819, -1.437 -0.5807 2.3819, -1.3189 -0.4626 3.5236, -1.437 -0.4626 3.5236, -1.3189 -0.5807 3.6417, -1.437 -0.5807 3.6417, -1.3189 -0.5501 3.6377, -1.437 -0.5501 3.6377, -1.3189 -0.5217 3.6259, -1.437 -0.5217 3.6259, -1.3189 -0.4972 3.6071, -1.437 -0.4972 3.6071, -1.3189 -0.4784 3.5827, -1.437 -0.4784 3.5827, -1.3189 -0.4666 3.5542, -1.437 -0.4666 3.5542, -1.3189 -0.6595 3.6417, -1.437 -0.6595 3.6417, -1.3189 -0.7776 3.5236, -1.437 -0.7776 3.5236, -1.3189 -0.7735 3.5542, -1.437 -0.7735 3.5542, -1.3189 -0.7617 3.5827, -1.437 -0.7617 3.5827, -1.3189 -0.743 3.6071, -1.437 -0.743 3.6071, -1.3189 -0.7185 3.6259, -1.437 -0.7185 3.6259, -1.3189 -0.69 3.6377, -1.437 -0.69 3.6377, -1.3189 -0.7776 2.5, -1.437 -0.7776 2.5, -1.3189 -0.6595 2.3819, -1.437 -0.6595 2.3819, -1.3189 -0.69 2.3859, -1.437 -0.69 2.3859, -1.3189 -0.7185 2.3977, -1.437 -0.7185 2.3977, -1.3189 -0.743 2.4165, -1.437 -0.743 2.4165, -1.3189 -0.7617 2.4409, -1.437 -0.7617 2.4409, -1.3189 -0.7735 2.4694, -1.437 -0.7735 2.4694, -1.3189 -0.4626 0.6535, -1.437 -0.4626 0.6535, -1.3189 -0.4666 0.623, -1.437 -0.4666 0.623, -1.3189 -0.4784 0.5945, -1.437 -0.4784 0.5945, -1.3189 -0.4972 0.57, -1.437 -0.4972 0.57, -1.3189 -0.5217 0.5513, -1.437 -0.5217 0.5513, -1.3189 -0.5501 0.5395, -1.437 -0.5501 0.5395, -1.3189 -0.5807 0.5354, -1.437 -0.5807 0.5354, -1.3189 -0.4626 1.9488, -1.437 -0.4626 1.9488, -1.3189 -0.5807 2.0669, -1.437 -0.5807 2.0669, -1.3189 -0.5501 2.0629, -1.437 -0.5501 2.0629, -1.3189 -0.5217 2.0511, -1.437 -0.5217 2.0511, -1.3189 -0.4972 2.0323, -1.437 -0.4972 2.0323, -1.3189 -0.4784 2.0079, -1.437 -0.4784 2.0079, -1.3189 -0.4666 1.9794, -1.437 -0.4666 1.9794, -1.3189 -0.6595 2.0669, -1.437 -0.6595 2.0669, -1.3189 -0.7776 1.9488, -1.437 -0.7776 1.9488, -1.3189 -0.7735 1.9794, -1.437 -0.7735 1.9794, -1.3189 -0.7617 2.0079, -1.437 -0.7617 2.0079, -1.3189 -0.743 2.0323, -1.437 -0.743 2.0323, -1.3189 -0.7185 2.0511, -1.437 -0.7185 2.0511, -1.3189 -0.69 2.0629, -1.437 -0.69 2.0629, -1.3189 -0.7776 0.6535, -1.437 -0.7776 0.6535, -1.3189 -0.6595 0.5354, -1.437 -0.6595 0.5354, -1.3189 -0.69 0.5395, -1.437 -0.69 0.5395, -1.3189 -0.7185 0.5513, -1.437 -0.7185 0.5513, -1.3189 -0.743 0.57, -1.437 -0.743 0.57, -1.3189 -0.7617 0.5945, -1.437 -0.7617 0.5945, -1.3189 -0.7735 0.623, -1.437 -0.7735 0.623
            ]
        }
        coordIndex [
            0,1,2,-1,2,1,3,-1,2,3,4,-1,4,3,5,-1,4,5,6,-1,6,5,7,-1,6,7,8,-1,8,7,9,-1,8,9,10,-1,10,9,11,-1,10,11,12,-1,12,11,13,-1,0,14,1,-1,1,14,15,-1,16,17,18,-1,18,17,19,-1,18,19,20,-1,20,19,21,-1,20,21,22,-1,22,21,23,-1,22,23,24,-1,24,23,25,-1,24,25,26,-1,26,25,27,-1,26,27,14,-1,14,27,15,-1,16,28,17,-1,17,28,29,-1,30,31,32,-1,32,31,33,-1,32,33,34,-1,34,33,35,-1,34,35,36,-1,36,35,37,-1,36,37,38,-1,38,37,39,-1,38,39,40,-1,40,39,41,-1,40,41,28,-1,28,41,29,-1,30,42,31,-1,31,42,43,-1,44,45,46,-1,46,45,47,-1,46,47,48,-1,48,47,49,-1,48,49,50,-1,50,49,51,-1,50,51,52,-1,52,51,53,-1,52,53,54,-1,54,53,55,-1,54,55,42,-1,42,55,43,-1,44,12,45,-1,45,12,13,-1,56,57,58,-1,58,57,59,-1,58,59,60,-1,60,59,61,-1,60,61,62,-1,62,61,63,-1,62,63,64,-1,64,63,65,-1,64,65,66,-1,66,65,67,-1,66,67,68,-1,68,67,69,-1,56,70,57,-1,57,70,71,-1,72,73,74,-1,74,73,75,-1,74,75,76,-1,76,75,77,-1,76,77,78,-1,78,77,79,-1,78,79,80,-1,80,79,81,-1,80,81,82,-1,82,81,83,-1,82,83,70,-1,70,83,71,-1,72,84,73,-1,73,84,85,-1,86,87,88,-1,88,87,89,-1,88,89,90,-1,90,89,91,-1,90,91,92,-1,92,91,93,-1,92,93,94,-1,94,93,95,-1,94,95,96,-1,96,95,97,-1,96,97,84,-1,84,97,85,-1,86,98,87,-1,87,98,99,-1,100,101,102,-1,102,101,103,-1,102,103,104,-1,104,103,105,-1,104,105,106,-1,106,105,107,-1,106,107,108,-1,108,107,109,-1,108,109,110,-1,110,109,111,-1,110,111,98,-1,98,111,99,-1,100,68,101,-1,101,68,69,-1,
        ]
    }
}
Shape{
    appearance Appearance {
        material  Material 	{
            diffuseColor 0.8509803921568627 0.8509803921568627 0.8509803921568627
            specularColor 0.4235294117647059 0.4235294117647059 0.4235294117647059
            ambientIntensity 0.851
            transparency 0.0
            shininess 0.5
        }
    }
    geometry IndexedFaceSet {
        ccw TRUE
        solid FALSE
        coord DEF co Coordinate {
            point [
                -1.3215 0.6818 -0.0584, -1.3207 0.6851 -0.0486, -1.3189 0.2854 0.0, -1.3225 0.6798 -0.0684, -1.3201 0.6897 -0.0394, -1.3196 0.6954 -0.0308, -1.3193 0.7022 -0.0231, -1.3191 0.7099 -0.0163, -1.319 0.7185 -0.0105, -1.3189 0.7277 -0.006, -1.3189 0.7375 -0.0027, -1.3189 0.7476 -0.0007, -1.3189 0.7579 0.0, -1.3237 0.6791 -0.0787, -1.3284 0.2854 -0.1107, -1.3284 0.6791 -0.1107, -1.3566 0.2854 -0.2182, -1.3566 0.6791 -0.2182, -1.4028 0.2854 -0.3193, -1.4028 0.6791 -0.3193, -1.4429 0.6791 -0.0787, -1.4448 0.6791 -0.0906, -1.4679 0.6791 -0.1785, -1.5056 0.6791 -0.2612, -1.437 0.7579 0.0, -1.437 0.7476 -0.0007, -1.437 0.2854 0.0, -1.437 0.7375 -0.0027, -1.437 0.7277 -0.006, -1.4371 0.7185 -0.0105, -1.4373 0.71 -0.0163, -1.4375 0.7022 -0.0231, -1.4379 0.6954 -0.0308, -1.4385 0.6897 -0.0394, -1.4392 0.6851 -0.0486, -1.4402 0.6818 -0.0584, -1.4414 0.6798 -0.0685, -1.4448 0.2854 -0.0906, -1.5056 0.2854 -0.2612, -1.4679 0.2854 -0.1785, -1.5176 0.2854 -0.5228, -1.5176 0.6791 -0.5228, -1.6205 0.6791 -0.4648, -1.6205 0.2854 -0.4648, -1.5309 0.6791 -0.5555, -1.5309 0.2854 -0.5555, -1.5354 0.6791 -0.5905, -1.5354 0.2854 -0.5905, -1.5309 0.6791 -0.6256, -1.5309 0.2854 -0.6256, -1.5176 0.6791 -0.6583, -1.5176 0.2854 -0.6583, -1.6205 0.6791 -0.7163, -1.6451 0.6791 -0.6556, -1.6535 0.6791 -0.5905, -1.6451 0.6791 -0.5255, -1.6205 0.2854 -0.7163, -1.6451 0.2854 -0.6556, -1.6535 0.2854 -0.5905, -1.6451 0.2854 -0.5255, -1.4028 0.2854 -0.8618, -1.4028 0.6791 -0.8618, -1.5056 0.6791 -0.9199, -1.5056 0.2854 -0.9199, -1.3189 0.2854 -1.1811, -1.3189 0.6791 -1.1811, -1.3284 0.6791 -1.0704, -1.3284 0.2854 -1.0704, -1.3566 0.6791 -0.9629, -1.3566 0.2854 -0.9629, -1.4679 0.6791 -1.0026, -1.4448 0.6791 -1.0905, -1.437 0.6791 -1.1811, -1.4679 0.2854 -1.0026, -1.4448 0.2854 -1.0905, -1.437 0.2854 -1.1811, -1.3189 0.6724 -1.232, -1.3189 0.6528 -1.2795, -1.3189 0.5332 -1.3712, -1.3189 0.5807 -1.3516, -1.3189 0.6215 -1.3203, -1.3189 0.2921 -1.232, -1.3189 0.3118 -1.2795, -1.3189 0.4313 -1.3712, -1.3189 0.3431 -1.3203, -1.3189 0.3839 -1.3516, -1.3189 0.4823 -1.378, -1.437 0.6724 -1.232, -1.437 0.6528 -1.2795, -1.437 0.6215 -1.3203, -1.437 0.5807 -1.3516, -1.437 0.5332 -1.3712, -1.437 0.4823 -1.378, -1.437 0.2921 -1.232, -1.437 0.3118 -1.2795, -1.437 0.4313 -1.3712, -1.437 0.3839 -1.3516, -1.437 0.3431 -1.3203, -0.6496 -0.2067 3.3661, -0.6496 -0.2067 3.0118, -0.6496 -0.0886 3.3661, -0.6496 -0.0886 3.0118, -1.3189 -0.2461 3.4108, -1.3189 -0.2461 2.9672, -1.3187 -0.2418 2.9693, -1.3179 -0.2373 2.9708, -1.3179 -0.2373 3.4071, -1.3187 -0.2418 3.4086, -1.3177 -0.2366 2.9711, -1.3166 -0.2327 2.9719, -1.3177 -0.2366 3.4069, -1.3166 -0.2327 3.406, -1.315 -0.229 3.4056, -1.3149 -0.229 2.9722, -1.3136 -0.2264 2.9724, -1.2795 -0.2067 2.9724, -1.2795 -0.2067 3.4055, -1.2883 -0.2077 2.9724, -1.2883 -0.2077 3.4055, -1.2966 -0.2106 2.9724, -1.2966 -0.2106 3.4055, -1.3041 -0.2153 2.9724, -1.3041 -0.2153 3.4055, -1.3103 -0.2215 2.9724, -1.3103 -0.2215 3.4055, -1.3136 -0.2264 3.4055, -1.2795 -0.0886 2.9724, -1.3203 -0.094 2.9724, -1.3583 -0.1097 2.9724, -1.3909 -0.1347 2.9724, -1.4159 -0.1673 2.9724, -1.4316 -0.2053 2.9724, -1.4358 -0.2264 2.9724, -1.437 -0.2461 2.9672, -1.437 -0.2461 3.4108, -1.4369 -0.2414 2.9694, -1.4369 -0.2414 3.4085, -1.4367 -0.2366 2.9711, -1.4367 -0.2366 3.4069, -1.4363 -0.2315 2.9721, -1.4363 -0.2315 3.4059, -1.4358 -0.2264 3.4055, -1.4316 -0.2053 3.4055, -1.4159 -0.1673 3.4055, -1.3909 -0.1347 3.4055, -1.3583 -0.1097 3.4055, -1.3203 -0.094 3.4055, -1.2795 -0.0886 3.4055, -0.6788 -0.2067 3.4042, -0.689 -0.2067 3.4055, -0.6549 -0.2067 3.3858, -0.6611 -0.2067 3.394, -0.6693 -0.2067 3.4002, -0.6509 -0.2067 3.3763, -0.6549 -0.2067 2.9921, -0.6788 -0.2067 2.9738, -0.6611 -0.2067 2.984, -0.6693 -0.2067 2.9777, -0.689 -0.2067 2.9724, -0.6509 -0.2067 3.0016, -0.689 -0.0886 2.9724, -0.689 -0.0886 3.4055, -0.6788 -0.0886 3.4042, -0.6693 -0.0886 3.4002, -0.6611 -0.0886 3.394, -0.6549 -0.0886 3.3858, -0.6509 -0.0886 3.3763, -0.6509 -0.0886 3.0016, -0.6788 -0.0886 2.9738, -0.6549 -0.0886 2.9921, -0.6611 -0.0886 2.984, -0.6693 -0.0886 2.9777, -0.6496 -0.0886 0.9095, -0.6496 -0.0886 1.2638, -0.6496 -0.2067 0.9095, -0.6496 -0.2067 1.2638, -1.437 -0.2461 0.8648, -1.437 -0.2461 1.3084, -1.4369 -0.2414 0.8671, -1.4369 -0.2414 1.3061, -1.4367 -0.2366 0.8687, -1.4367 -0.2366 1.3045, -1.4363 -0.2315 0.8697, -1.4363 -0.2315 1.3035, -1.4358 -0.2264 0.8701, -1.4358 -0.2264 1.3032, -1.4316 -0.2053 0.8701, -1.4316 -0.2053 1.3032, -1.4159 -0.1673 1.3032, -1.4159 -0.1673 0.8701, -1.3909 -0.1347 1.3032, -1.3909 -0.1347 0.8701, -1.3583 -0.1097 1.3032, -1.3583 -0.1097 0.8701, -1.3203 -0.094 1.3032, -1.3203 -0.094 0.8701, -1.2795 -0.0886 1.3032, -1.2795 -0.0886 0.8701, -1.2795 -0.2067 1.3032, -1.2883 -0.2077 1.3032, -1.2966 -0.2106 1.3032, -1.3041 -0.2153 1.3032, -1.3103 -0.2215 1.3032, -1.3136 -0.2264 1.3032, -1.3189 -0.2461 1.3084, -1.3189 -0.2461 0.8648, -1.3187 -0.2418 0.8669, -1.3179 -0.2373 0.8685, -1.3179 -0.2373 1.3047, -1.3187 -0.2418 1.3063, -1.3177 -0.2366 0.8687, -1.3166 -0.2327 0.8696, -1.3177 -0.2366 1.3045, -1.3166 -0.2327 1.3037, -1.315 -0.229 1.3032, -1.3149 -0.229 0.8699, -1.3136 -0.2264 0.8701, -1.2795 -0.2067 0.8701, -1.2883 -0.2077 0.8701, -1.2966 -0.2106 0.8701, -1.3041 -0.2153 0.8701, -1.3103 -0.2215 0.8701, -0.689 -0.0886 0.8701, -0.689 -0.0886 1.3032, -0.6802 -0.0886 1.3022, -0.6644 -0.0886 1.2946, -0.6582 -0.0886 1.2883, -0.6535 -0.0886 1.2809, -0.6802 -0.0886 0.8711, -0.6535 -0.0886 0.8924, -0.6582 -0.0886 0.8849, -0.6644 -0.0886 0.8787, -0.6719 -0.0886 1.2993, -0.6506 -0.0886 1.2725, -0.6506 -0.0886 0.9007, -0.6719 -0.0886 0.874, -0.689 -0.2067 1.3032, -0.689 -0.2067 0.8701, -0.6802 -0.2067 0.8711, -0.6644 -0.2067 0.8787, -0.6582 -0.2067 0.8849, -0.6535 -0.2067 0.8924, -0.6802 -0.2067 1.3022, -0.6535 -0.2067 1.2809, -0.6582 -0.2067 1.2883, -0.6644 -0.2067 1.2946, -0.6719 -0.2067 0.874, -0.6506 -0.2067 0.9007, -0.6506 -0.2067 1.2725, -0.6719 -0.2067 1.2993, -1.437 -0.2264 3.5039, -1.3189 -0.2264 3.5039, -1.437 -0.2366 3.5026, -1.3189 -0.2366 3.5026, -1.437 -0.2461 3.4987, -1.3189 -0.2461 3.4987, -1.437 -0.2542 3.4924, -1.3189 -0.2542 3.4924, -1.437 -0.2605 3.4843, -1.3189 -0.2605 3.4843, -1.437 -0.2644 3.4748, -1.3189 -0.2644 3.4748, -1.437 -0.2658 3.4646, -1.3189 -0.2658 3.4646, -1.437 -0.2658 2.9134, -1.3189 -0.2658 2.9134, -1.437 -0.2644 2.9032, -1.3189 -0.2644 2.9032, -1.437 -0.2605 2.8937, -1.3189 -0.2605 2.8937, -1.437 -0.2542 2.8855, -1.3189 -0.2542 2.8855, -1.437 -0.2461 2.8793, -1.3189 -0.2461 2.8793, -1.437 -0.2366 2.8754, -1.3189 -0.2366 2.8754, -1.437 -0.2264 2.874, -1.3189 -0.2264 2.874, -1.3189 -0.2658 2.9331, -1.437 -0.2658 2.9331, -1.3189 -0.2644 2.9433, -1.437 -0.2644 2.9433, -1.3189 -0.2605 2.9528, -1.437 -0.2605 2.9528, -1.3189 -0.2542 2.9609, -1.437 -0.2542 2.9609, -1.437 -0.2658 3.4449, -1.3189 -0.2658 3.4449, -1.437 -0.2644 3.4347, -1.3189 -0.2644 3.4347, -1.437 -0.2605 3.4252, -1.3189 -0.2605 3.4252, -1.437 -0.2542 3.417, -1.3189 -0.2542 3.417, -1.437 -0.2658 1.3425, -1.3189 -0.2658 1.3425, -1.437 -0.2644 1.3323, -1.3189 -0.2644 1.3323, -1.437 -0.2605 1.3228, -1.3189 -0.2605 1.3228, -1.437 -0.2542 1.3147, -1.3189 -0.2542 1.3147, -1.3189 -0.2658 0.8307, -1.437 -0.2658 0.8307, -1.3189 -0.2644 0.8409, -1.437 -0.2644 0.8409, -1.3189 -0.2605 0.8504, -1.437 -0.2605 0.8504, -1.3189 -0.2542 0.8586, -1.437 -0.2542 0.8586, -1.3189 -1.2697 0.2205, -1.437 -1.2697 0.2205, -1.3189 -1.2493 0.2178, -1.437 -1.2493 0.2178, -1.3189 -1.2303 0.2099, -1.437 -1.2303 0.2099, -1.3189 -1.214 0.1974, -1.437 -1.214 0.1974, -1.3189 -1.2015 0.1811, -1.437 -1.2015 0.1811, -1.3189 -1.1936 0.1621, -1.437 -1.1936 0.1621, -1.3189 -1.1909 0.1417, -1.437 -1.1909 0.1417, -1.3189 -1.1909 0.0787, -1.437 -1.1909 0.0787, -1.437 -1.1883 0.0584, -1.3189 -1.1883 0.0584, -1.437 -1.1804 0.0394, -1.3189 -1.1804 0.0394, -1.437 -1.1679 0.0231, -1.3189 -1.1679 0.0231, -1.437 -1.1516 0.0106, -1.3189 -1.1516 0.0106, -1.437 -1.1326 0.0027, -1.3189 -1.1326 0.0027, -1.437 -1.1122 0.0, -1.3189 -1.1122 0.0, -1.3189 -0.876 0.0, -1.437 -0.876 0.0, -1.437 -0.8556 0.0027, -1.3189 -0.8556 0.0027, -1.437 -0.8366 0.0106, -1.3189 -0.8366 0.0106, -1.437 -0.8203 0.0231, -1.3189 -0.8203 0.0231, -1.437 -0.8078 0.0394, -1.3189 -0.8078 0.0394, -1.437 -0.7999 0.0584, -1.3189 -0.7999 0.0584, -1.437 -0.7972 0.0787, -1.3189 -0.7972 0.0787, -1.437 -0.7185 0.2205, -1.3189 -0.7185 0.2205, -1.437 -0.7389 0.2178, -1.3189 -0.7389 0.2178, -1.437 -0.7579 0.2099, -1.3189 -0.7579 0.2099, -1.437 -0.7742 0.1974, -1.3189 -0.7742 0.1974, -1.437 -0.7867 0.1811, -1.3189 -0.7867 0.1811, -1.437 -0.7946 0.1621, -1.3189 -0.7946 0.1621, -1.437 -0.7972 0.1417, -1.3189 -0.7972 0.1417, -1.437 0.2854 0.1417, -1.3189 0.2854 0.1417, -1.437 0.2827 0.1621, -1.3189 0.2827 0.1621, -1.437 0.2749 0.1811, -1.3189 0.2749 0.1811, -1.437 0.2624 0.1974, -1.3189 0.2624 0.1974, -1.437 0.2461 0.2099, -1.3189 0.2461 0.2099, -1.437 0.2271 0.2178, -1.3189 0.2271 0.2178, -1.437 0.2067 0.2205, -1.3189 0.2067 0.2205, -1.3189 0.9941 0.0, -1.437 0.9941 0.0, -1.437 1.0145 0.0027, -1.3189 1.0145 0.0027, -1.437 1.0335 0.0106, -1.3189 1.0335 0.0106, -1.437 1.0498 0.0231, -1.3189 1.0498 0.0231, -1.437 1.0623 0.0394, -1.3189 1.0623 0.0394, -1.437 1.0701 0.0584, -1.3189 1.0701 0.0584, -1.437 1.0728 0.0787, -1.3189 1.0728 0.0787, -1.437 1.1516 0.2205, -1.3189 1.1516 0.2205, -1.437 1.1312 0.2178, -1.3189 1.1312 0.2178, -1.437 1.1122 0.2099, -1.3189 1.1122 0.2099, -1.437 1.0959 0.1974, -1.3189 1.0959 0.1974, -1.437 1.0834 0.1811, -1.3189 1.0834 0.1811, -1.437 1.0755 0.1621, -1.3189 1.0755 0.1621, -1.437 1.0728 0.1417, -1.3189 1.0728 0.1417, -1.437 0.9941 0.6142, -1.3189 0.9941 0.6142, -1.437 1.0145 0.6169, -1.3189 1.0145 0.6169, -1.437 1.0335 0.6247, -1.3189 1.0335 0.6247, -1.437 1.0498 0.6372, -1.3189 1.0498 0.6372, -1.437 1.0623 0.6535, -1.3189 1.0623 0.6535, -1.437 1.0701 0.6725, -1.3189 1.0701 0.6725, -1.437 1.0728 0.6929, -1.3189 1.0728 0.6929, -1.437 -0.2658 0.6929, -1.3189 -0.2658 0.6929, -1.437 -0.2631 0.6725, -1.3189 -0.2631 0.6725, -1.437 -0.2552 0.6535, -1.3189 -0.2552 0.6535, -1.437 -0.2427 0.6372, -1.3189 -0.2427 0.6372, -1.437 -0.2264 0.6247, -1.3189 -0.2264 0.6247, -1.437 -0.2074 0.6169, -1.3189 -0.2074 0.6169, -1.437 -0.187 0.6142, -1.3189 -0.187 0.6142, -1.437 -0.187 2.1102, -1.3189 -0.187 2.1102, -1.437 -0.2074 2.1076, -1.3189 -0.2074 2.1076, -1.437 -0.2264 2.0997, -1.3189 -0.2264 2.0997, -1.437 -0.2427 2.0872, -1.3189 -0.2427 2.0872, -1.437 -0.2552 2.0709, -1.3189 -0.2552 2.0709, -1.437 -0.2631 2.0519, -1.3189 -0.2631 2.0519, -1.437 -0.2658 2.0315, -1.3189 -0.2658 2.0315, -1.437 1.0728 2.0315, -1.3189 1.0728 2.0315, -1.437 1.0701 2.0519, -1.3189 1.0701 2.0519, -1.437 1.0623 2.0709, -1.3189 1.0623 2.0709, -1.437 1.0498 2.0872, -1.3189 1.0498 2.0872, -1.437 1.0335 2.0997, -1.3189 1.0335 2.0997, -1.437 1.0145 2.1076, -1.3189 1.0145 2.1076, -1.437 0.9941 2.1102, -1.3189 0.9941 2.1102, -1.3189 1.4665 0.2205, -1.437 1.4665 0.2205, -1.437 1.4869 0.2232, -1.3189 1.4869 0.2232, -1.437 1.5059 0.231, -1.3189 1.5059 0.231, -1.437 1.5222 0.2435, -1.3189 1.5222 0.2435, -1.437 1.5347 0.2598, -1.3189 1.5347 0.2598, -1.437 1.5426 0.2788, -1.3189 1.5426 0.2788, -1.437 1.5453 0.2992, -1.3189 1.5453 0.2992, -1.3189 1.5453 2.4252, -1.437 1.5453 2.4252, -1.437 1.5426 2.4456, -1.3189 1.5426 2.4456, -1.437 1.5347 2.4646, -1.3189 1.5347 2.4646, -1.437 1.5222 2.4809, -1.3189 1.5222 2.4809, -1.437 1.5059 2.4934, -1.3189 1.5059 2.4934, -1.437 1.4869 2.5013, -1.3189 1.4869 2.5013, -1.437 1.4665 2.5039, -1.3189 1.4665 2.5039, -1.437 -0.0886 2.5827, -1.3189 -0.0886 2.5827, -1.437 -0.0859 2.5623, -1.3189 -0.0859 2.5623, -1.437 -0.078 2.5433, -1.3189 -0.078 2.5433, -1.437 -0.0655 2.527, -1.3189 -0.0655 2.527, -1.437 -0.0492 2.5145, -1.3189 -0.0492 2.5145, -1.437 -0.0302 2.5066, -1.3189 -0.0302 2.5066, -1.437 -0.0098 2.5039, -1.3189 -0.0098 2.5039, -1.3189 -0.0886 2.7953, -1.437 -0.0886 2.7953, -1.437 -0.0913 2.8157, -1.3189 -0.0913 2.8157, -1.437 -0.0991 2.8346, -1.3189 -0.0991 2.8346, -1.437 -0.1116 2.851, -1.3189 -0.1116 2.851, -1.437 -0.128 2.8635, -1.3189 -0.128 2.8635, -1.437 -0.1469 2.8713, -1.3189 -0.1469 2.8713, -1.437 -0.1673 2.874, -1.3189 -0.1673 2.874, -1.3189 -0.1673 3.5039, -1.437 -0.1673 3.5039, -1.437 -0.1469 3.5066, -1.3189 -0.1469 3.5066, -1.437 -0.128 3.5145, -1.3189 -0.128 3.5145, -1.437 -0.1116 3.527, -1.3189 -0.1116 3.527, -1.437 -0.0991 3.5433, -1.3189 -0.0991 3.5433, -1.437 -0.0913 3.5623, -1.3189 -0.0913 3.5623, -1.437 -0.0886 3.5827, -1.3189 -0.0886 3.5827, -1.437 -0.1673 3.7795, -1.3189 -0.1673 3.7795, -1.3189 -0.1469 3.7768, -1.437 -0.1469 3.7768, -1.3189 -0.128 3.769, -1.437 -0.128 3.769, -1.3189 -0.1116 3.7565, -1.437 -0.1116 3.7565, -1.3189 -0.0991 3.7402, -1.437 -0.0991 3.7402, -1.3189 -0.0913 3.7212, -1.437 -0.0913 3.7212, -1.3189 -0.0886 3.7008, -1.437 -0.0886 3.7008
            ]
        }
        coordIndex [
            0,1,2,-1,0,2,3,-1,1,4,2,-1,2,4,5,-1,2,5,6,-1,6,7,2,-1,2,7,8,-1,2,8,9,-1,9,10,2,-1,2,10,11,-1,2,11,12,-1,3,2,13,-1,13,2,14,-1,13,14,15,-1,15,14,16,-1,15,16,17,-1,17,16,18,-1,17,18,19,-1,20,13,21,-1,21,13,15,-1,21,15,22,-1,22,15,17,-1,22,17,23,-1,23,17,19,-1,24,25,26,-1,26,25,27,-1,26,27,28,-1,28,29,26,-1,26,29,30,-1,26,30,31,-1,31,32,26,-1,26,32,33,-1,26,33,34,-1,34,35,26,-1,26,35,36,-1,26,36,37,-1,23,38,22,-1,22,38,39,-1,22,39,21,-1,21,39,37,-1,21,37,20,-1,20,37,36,-1,18,40,19,-1,19,40,41,-1,19,41,23,-1,23,41,42,-1,23,42,38,-1,38,42,43,-1,18,38,40,-1,40,38,43,-1,41,40,44,-1,44,40,45,-1,44,45,46,-1,46,45,47,-1,46,47,48,-1,48,47,49,-1,48,49,50,-1,50,49,51,-1,50,52,48,-1,48,52,53,-1,48,53,46,-1,46,53,54,-1,46,54,44,-1,44,54,55,-1,44,55,41,-1,41,55,42,-1,52,56,57,-1,52,57,53,-1,53,57,58,-1,53,58,54,-1,54,58,59,-1,54,59,55,-1,55,59,43,-1,55,43,42,-1,40,43,45,-1,45,43,59,-1,45,59,47,-1,47,59,58,-1,47,58,49,-1,49,58,57,-1,49,57,51,-1,51,57,56,-1,51,60,50,-1,50,60,61,-1,50,61,52,-1,52,61,62,-1,52,62,56,-1,56,62,63,-1,51,56,60,-1,60,56,63,-1,64,65,66,-1,64,66,67,-1,67,66,68,-1,67,68,69,-1,69,68,61,-1,69,61,60,-1,62,61,70,-1,70,61,68,-1,70,68,71,-1,71,68,66,-1,71,66,72,-1,72,66,65,-1,63,62,73,-1,73,62,70,-1,73,70,74,-1,74,70,71,-1,74,71,75,-1,75,71,72,-1,75,64,74,-1,74,64,67,-1,74,67,73,-1,73,67,69,-1,73,69,63,-1,63,69,60,-1,76,65,64,-1,76,64,77,-1,78,79,64,-1,64,79,80,-1,64,80,77,-1,81,82,83,-1,83,82,84,-1,83,84,85,-1,81,83,64,-1,64,83,86,-1,64,86,78,-1,75,72,87,-1,87,88,75,-1,75,88,89,-1,75,89,90,-1,90,91,75,-1,75,91,92,-1,75,92,93,-1,93,92,94,-1,95,96,92,-1,92,96,97,-1,92,97,94,-1,98,99,100,-1,100,99,101,-1,102,103,104,-1,105,106,104,-1,104,106,107,-1,104,107,102,-1,105,108,106,-1,106,108,109,-1,106,109,110,-1,110,109,111,-1,111,109,112,-1,112,109,113,-1,112,113,114,-1,115,116,117,-1,117,116,118,-1,117,118,119,-1,119,118,120,-1,119,120,121,-1,121,120,122,-1,121,122,123,-1,123,122,124,-1,123,124,114,-1,114,124,125,-1,114,125,112,-1,126,115,127,-1,127,115,117,-1,127,117,128,-1,128,117,119,-1,128,119,129,-1,119,121,129,-1,129,121,123,-1,129,123,130,-1,130,123,114,-1,130,114,131,-1,131,114,132,-1,133,134,135,-1,135,134,136,-1,135,136,137,-1,137,136,138,-1,137,138,139,-1,139,138,140,-1,139,140,132,-1,132,140,141,-1,132,141,131,-1,141,142,131,-1,131,142,143,-1,131,143,130,-1,130,143,144,-1,130,144,129,-1,129,144,145,-1,129,145,128,-1,128,145,146,-1,128,146,127,-1,127,146,147,-1,127,147,126,-1,116,147,118,-1,118,147,146,-1,118,146,120,-1,120,146,145,-1,120,145,122,-1,122,145,144,-1,122,144,124,-1,124,144,143,-1,124,143,125,-1,125,143,142,-1,125,142,141,-1,148,149,98,-1,98,149,99,-1,150,151,152,-1,148,98,152,-1,152,98,153,-1,152,153,150,-1,154,155,156,-1,156,155,157,-1,116,115,149,-1,149,115,158,-1,149,158,99,-1,99,158,155,-1,99,155,159,-1,159,155,154,-1,158,115,160,-1,160,115,126,-1,126,147,160,-1,160,147,161,-1,162,163,100,-1,164,165,163,-1,163,165,166,-1,163,166,100,-1,167,168,101,-1,101,168,160,-1,101,160,100,-1,100,160,161,-1,100,161,162,-1,167,169,168,-1,168,169,170,-1,168,170,171,-1,161,147,149,-1,149,147,116,-1,172,173,174,-1,174,173,175,-1,176,177,178,-1,178,177,179,-1,178,179,180,-1,180,179,181,-1,180,181,182,-1,182,181,183,-1,182,183,184,-1,184,183,185,-1,184,185,186,-1,185,187,186,-1,186,187,188,-1,186,188,189,-1,189,188,190,-1,189,190,191,-1,191,190,192,-1,191,192,193,-1,193,192,194,-1,193,194,195,-1,195,194,196,-1,195,196,197,-1,198,196,199,-1,199,196,194,-1,199,194,200,-1,200,194,192,-1,200,192,201,-1,201,192,190,-1,201,190,202,-1,202,190,188,-1,202,188,203,-1,203,188,187,-1,203,187,185,-1,204,205,206,-1,207,208,206,-1,206,208,209,-1,206,209,204,-1,207,210,208,-1,208,210,211,-1,208,211,212,-1,212,211,213,-1,213,211,214,-1,214,211,215,-1,214,215,216,-1,217,198,218,-1,218,198,199,-1,218,199,219,-1,219,199,200,-1,219,200,220,-1,220,200,201,-1,220,201,221,-1,221,201,202,-1,221,202,216,-1,216,202,203,-1,216,203,214,-1,197,217,195,-1,195,217,218,-1,195,218,193,-1,193,218,219,-1,193,219,191,-1,219,220,191,-1,191,220,221,-1,191,221,189,-1,189,221,216,-1,189,216,186,-1,186,216,184,-1,197,196,222,-1,222,196,223,-1,173,223,224,-1,225,226,227,-1,223,173,222,-1,222,173,172,-1,222,172,228,-1,229,230,231,-1,224,232,173,-1,173,232,225,-1,173,225,233,-1,233,225,227,-1,229,231,234,-1,234,231,172,-1,172,231,235,-1,172,235,228,-1,223,196,236,-1,236,196,198,-1,198,217,236,-1,236,217,237,-1,174,237,238,-1,239,240,241,-1,237,174,236,-1,236,174,175,-1,236,175,242,-1,243,244,245,-1,238,246,174,-1,174,246,239,-1,174,239,247,-1,247,239,241,-1,243,245,248,-1,248,245,175,-1,175,245,249,-1,175,249,242,-1,237,217,222,-1,222,217,197,-1,98,100,166,-1,98,166,153,-1,153,166,165,-1,153,165,150,-1,150,165,164,-1,150,164,151,-1,151,164,163,-1,151,163,152,-1,152,163,162,-1,152,162,148,-1,148,162,161,-1,148,161,149,-1,101,99,159,-1,101,159,167,-1,167,159,154,-1,167,154,169,-1,169,154,156,-1,169,156,170,-1,170,156,157,-1,170,157,171,-1,171,157,155,-1,171,155,168,-1,168,155,158,-1,168,158,160,-1,172,174,247,-1,172,247,234,-1,234,247,241,-1,234,241,229,-1,229,241,240,-1,229,240,230,-1,230,240,239,-1,230,239,231,-1,231,239,246,-1,231,246,235,-1,235,246,238,-1,235,238,228,-1,228,238,237,-1,228,237,222,-1,175,173,233,-1,175,233,248,-1,248,233,227,-1,248,227,243,-1,243,227,226,-1,243,226,244,-1,244,226,225,-1,244,225,245,-1,245,225,232,-1,245,232,249,-1,249,232,224,-1,249,224,242,-1,242,224,223,-1,242,223,236,-1,250,251,252,-1,252,251,253,-1,252,253,254,-1,254,253,255,-1,254,255,256,-1,256,255,257,-1,256,257,258,-1,258,257,259,-1,258,259,260,-1,260,259,261,-1,260,261,262,-1,262,261,263,-1,264,265,266,-1,266,265,267,-1,266,267,268,-1,268,267,269,-1,268,269,270,-1,270,269,271,-1,270,271,272,-1,272,271,273,-1,272,273,274,-1,274,273,275,-1,274,275,276,-1,276,275,277,-1,137,104,135,-1,135,104,103,-1,114,113,132,-1,132,113,109,-1,132,109,139,-1,139,109,108,-1,139,108,137,-1,137,108,105,-1,137,105,104,-1,278,279,280,-1,280,279,281,-1,280,281,282,-1,282,281,283,-1,282,283,284,-1,284,283,285,-1,284,285,103,-1,103,285,133,-1,103,133,135,-1,138,110,140,-1,140,110,111,-1,140,111,141,-1,141,111,112,-1,141,112,125,-1,286,287,288,-1,288,287,289,-1,288,289,290,-1,290,289,291,-1,290,291,292,-1,292,291,293,-1,292,293,134,-1,134,293,102,-1,134,102,136,-1,136,102,107,-1,136,107,138,-1,138,107,106,-1,138,106,110,-1,181,212,183,-1,183,212,213,-1,183,213,185,-1,185,213,214,-1,185,214,203,-1,294,295,296,-1,296,295,297,-1,296,297,298,-1,298,297,299,-1,298,299,300,-1,300,299,301,-1,300,301,177,-1,177,301,204,-1,177,204,179,-1,179,204,209,-1,179,209,181,-1,181,209,208,-1,181,208,212,-1,180,206,178,-1,178,206,205,-1,216,215,184,-1,184,215,211,-1,184,211,182,-1,182,211,210,-1,182,210,180,-1,180,210,207,-1,180,207,206,-1,302,303,304,-1,304,303,305,-1,304,305,306,-1,306,305,307,-1,306,307,308,-1,308,307,309,-1,308,309,205,-1,205,309,176,-1,205,176,178,-1,310,311,312,-1,312,311,313,-1,312,313,314,-1,314,313,315,-1,314,315,316,-1,316,315,317,-1,316,317,318,-1,318,317,319,-1,318,319,320,-1,320,319,321,-1,320,321,322,-1,322,321,323,-1,324,325,326,-1,324,326,327,-1,327,326,328,-1,327,328,329,-1,329,328,330,-1,329,330,331,-1,331,330,332,-1,331,332,333,-1,333,332,334,-1,333,334,335,-1,335,334,336,-1,335,336,337,-1,338,339,340,-1,338,340,341,-1,341,340,342,-1,341,342,343,-1,343,342,344,-1,343,344,345,-1,345,344,346,-1,345,346,347,-1,347,346,348,-1,347,348,349,-1,349,348,350,-1,349,350,351,-1,352,353,354,-1,354,353,355,-1,354,355,356,-1,356,355,357,-1,356,357,358,-1,358,357,359,-1,358,359,360,-1,360,359,361,-1,360,361,362,-1,362,361,363,-1,362,363,364,-1,364,363,365,-1,366,367,368,-1,368,367,369,-1,368,369,370,-1,370,369,371,-1,370,371,372,-1,372,371,373,-1,372,373,374,-1,374,373,375,-1,374,375,376,-1,376,375,377,-1,376,377,378,-1,378,377,379,-1,24,12,25,-1,25,12,11,-1,25,11,27,-1,27,11,10,-1,27,10,28,-1,28,10,9,-1,28,9,29,-1,29,9,8,-1,29,8,30,-1,30,8,7,-1,30,7,31,-1,7,6,31,-1,31,6,5,-1,31,5,32,-1,32,5,4,-1,32,4,33,-1,33,4,1,-1,33,1,34,-1,34,1,0,-1,34,0,35,-1,35,0,3,-1,35,3,36,-1,36,3,13,-1,36,13,20,-1,380,381,382,-1,380,382,383,-1,383,382,384,-1,383,384,385,-1,385,384,386,-1,385,386,387,-1,387,386,388,-1,387,388,389,-1,389,388,390,-1,389,390,391,-1,391,390,392,-1,391,392,393,-1,394,395,396,-1,396,395,397,-1,396,397,398,-1,398,397,399,-1,398,399,400,-1,400,399,401,-1,400,401,402,-1,402,401,403,-1,402,403,404,-1,404,403,405,-1,404,405,406,-1,406,405,407,-1,408,409,410,-1,410,409,411,-1,410,411,412,-1,412,411,413,-1,412,413,414,-1,414,413,415,-1,414,415,416,-1,416,415,417,-1,416,417,418,-1,418,417,419,-1,418,419,420,-1,420,419,421,-1,422,423,424,-1,424,423,425,-1,424,425,426,-1,426,425,427,-1,426,427,428,-1,428,427,429,-1,428,429,430,-1,430,429,431,-1,430,431,432,-1,432,431,433,-1,432,433,434,-1,434,433,435,-1,436,437,438,-1,438,437,439,-1,438,439,440,-1,440,439,441,-1,440,441,442,-1,442,441,443,-1,442,443,444,-1,444,443,445,-1,444,445,446,-1,446,445,447,-1,446,447,448,-1,448,447,449,-1,450,451,452,-1,452,451,453,-1,452,453,454,-1,454,453,455,-1,454,455,456,-1,456,455,457,-1,456,457,458,-1,458,457,459,-1,458,459,460,-1,460,459,461,-1,460,461,462,-1,462,461,463,-1,464,465,466,-1,464,466,467,-1,467,466,468,-1,467,468,469,-1,469,468,470,-1,469,470,471,-1,471,470,472,-1,471,472,473,-1,473,472,474,-1,473,474,475,-1,475,474,476,-1,475,476,477,-1,478,479,480,-1,478,480,481,-1,481,480,482,-1,481,482,483,-1,483,482,484,-1,483,484,485,-1,485,484,486,-1,485,486,487,-1,487,486,488,-1,487,488,489,-1,489,488,490,-1,489,490,491,-1,492,493,494,-1,494,493,495,-1,494,495,496,-1,496,495,497,-1,496,497,498,-1,498,497,499,-1,498,499,500,-1,500,499,501,-1,500,501,502,-1,502,501,503,-1,502,503,504,-1,504,503,505,-1,506,507,508,-1,506,508,509,-1,509,508,510,-1,509,510,511,-1,511,510,512,-1,511,512,513,-1,513,512,514,-1,513,514,515,-1,515,514,516,-1,515,516,517,-1,517,516,518,-1,517,518,519,-1,520,521,522,-1,520,522,523,-1,523,522,524,-1,523,524,525,-1,525,524,526,-1,525,526,527,-1,527,526,528,-1,527,528,529,-1,529,528,530,-1,529,530,531,-1,531,530,532,-1,531,532,533,-1,534,535,536,-1,534,536,537,-1,537,536,538,-1,537,538,539,-1,539,538,540,-1,539,540,541,-1,541,540,542,-1,541,542,543,-1,543,542,544,-1,543,544,545,-1,545,544,546,-1,545,546,547,-1,
        ]
    }
}
Shape{
    appearance Appearance {
        material  Material 	{
            diffuseColor 1.0 1.0 1.0
            specularColor 0.8784313725490196 0.8784313725490196 0.8784313725490196
            ambientIntensity 1.0
            transparency 0.0
            shininess 0.5
        }
    }
    geometry IndexedFaceSet {
        ccw TRUE
        solid FALSE
        coord DEF co Coordinate {
            point [
                -1.437 0.6791 -1.1811, -1.3189 0.6791 -1.1811, -1.3189 0.6724 -1.232, -1.437 0.6724 -1.232, -1.3189 0.6528 -1.2795, -1.437 0.6528 -1.2795, -1.3189 0.6215 -1.3203, -1.437 0.6215 -1.3203, -1.3189 0.5807 -1.3516, -1.437 0.5807 -1.3516, -1.3189 0.5332 -1.3712, -1.437 0.5332 -1.3712, -1.3189 0.4823 -1.378, -1.437 0.4823 -1.378, -1.3189 0.2854 -1.1811, -1.437 0.2854 -1.1811, -1.437 0.2921 -1.232, -1.3189 0.2921 -1.232, -1.437 0.3118 -1.2795, -1.3189 0.3118 -1.2795, -1.437 0.3431 -1.3203, -1.3189 0.3431 -1.3203, -1.437 0.3839 -1.3516, -1.3189 0.3839 -1.3516, -1.437 0.4313 -1.3712, -1.3189 0.4313 -1.3712
            ]
        }
        coordIndex [
            0,1,2,-1,0,2,3,-1,3,2,4,-1,3,4,5,-1,5,4,6,-1,5,6,7,-1,7,6,8,-1,7,8,9,-1,9,8,10,-1,9,10,11,-1,11,10,12,-1,11,12,13,-1,14,15,16,-1,14,16,17,-1,17,16,18,-1,17,18,19,-1,19,18,20,-1,19,20,21,-1,21,20,22,-1,21,22,23,-1,23,22,24,-1,23,24,25,-1,25,24,13,-1,25,13,12,-1,
        ]
    }
}
Shape{
    appearance Appearance {
        material  Material 	{
            diffuseColor 0.8509803921568627 0.8509803921568627 0.8509803921568627
            specularColor 0.4235294117647059 0.4235294117647059 0.4235294117647059
            ambientIntensity 0.851
            transparency 0.0
            shininess 0.5
        }
    }
    geometry IndexedFaceSet {
        ccw TRUE
        solid FALSE
        coord DEF co Coordinate {
            point [
                1.3189 -0.0886 3.5827, 1.3189 -0.0886 3.7008, 1.437 -0.0886 3.5827, 1.437 -0.0886 3.7008, 1.437 -0.1673 3.5039, 1.437 -0.2264 3.5039, 1.3189 -0.1673 3.5039, 1.3189 -0.2264 3.5039, 1.437 -0.2658 3.4646, 1.437 -0.2658 3.4449, 1.3189 -0.2658 3.4646, 1.3189 -0.2658 3.4449, 1.3189 -0.1673 2.874, 1.3189 -0.2264 2.874, 1.437 -0.1673 2.874, 1.437 -0.2264 2.874, 1.3189 -0.0886 2.5827, 1.3189 -0.0886 2.7953, 1.437 -0.0886 2.5827, 1.437 -0.0886 2.7953, 1.3189 1.4665 2.5039, 1.3189 -0.0098 2.5039, 1.437 1.4665 2.5039, 1.437 -0.0098 2.5039, 1.3189 1.5453 0.2992, 1.3189 1.5453 2.4252, 1.437 1.5453 0.2992, 1.437 1.5453 2.4252, 1.3189 1.1516 0.2205, 1.3189 1.4665 0.2205, 1.437 1.1516 0.2205, 1.437 1.4665 0.2205, 1.3189 1.0728 0.0787, 1.3189 1.0728 0.1417, 1.437 1.0728 0.0787, 1.437 1.0728 0.1417, 1.437 0.2854 0.1417, 1.3189 0.2854 0.1417, 1.437 0.2854 0.0, 1.3189 0.2854 0.0, 1.4448 0.2854 -0.0906, 1.3284 0.2854 -0.1107, 1.4679 0.2854 -0.1785, 1.3566 0.2854 -0.2182, 1.5056 0.2854 -0.2612, 1.4028 0.2854 -0.3193, 1.3189 -0.7185 0.2205, 1.3189 0.2067 0.2205, 1.437 -0.7185 0.2205, 1.437 0.2067 0.2205, 1.3189 -0.7972 0.0787, 1.3189 -0.7972 0.1417, 1.437 -0.7972 0.0787, 1.437 -0.7972 0.1417, 1.3189 -1.1122 0.0, 1.3189 -0.876 0.0, 1.437 -1.1122 0.0, 1.437 -0.876 0.0, 1.3189 -1.1909 0.1417, 1.3189 -1.1909 0.0787, 1.437 -1.1909 0.1417, 1.437 -1.1909 0.0787, 1.3189 -0.187 2.1102, 1.3189 0.9941 2.1102, 1.437 -0.187 2.1102, 1.437 0.9941 2.1102, 1.437 1.0728 0.6929, 1.437 1.0728 2.0315, 1.3189 1.0728 0.6929, 1.3189 1.0728 2.0315, 1.3189 0.9941 0.6142, 1.3189 -0.187 0.6142, 1.437 0.9941 0.6142, 1.437 -0.187 0.6142, 1.3189 -0.2658 0.6929, 1.3189 -0.2658 0.8307, 1.437 -0.2658 0.6929, 1.437 -0.2658 0.8307
            ]
        }
        coordIndex [
            0,1,2,-1,2,1,3,-1,4,5,6,-1,6,5,7,-1,8,9,10,-1,10,9,11,-1,12,13,14,-1,14,13,15,-1,16,17,18,-1,18,17,19,-1,20,21,22,-1,22,21,23,-1,24,25,26,-1,26,25,27,-1,28,29,30,-1,30,29,31,-1,32,33,34,-1,34,33,35,-1,36,37,38,-1,38,37,39,-1,38,39,40,-1,40,39,41,-1,40,41,42,-1,42,41,43,-1,42,43,44,-1,44,43,45,-1,46,47,48,-1,48,47,49,-1,50,51,52,-1,52,51,53,-1,54,55,56,-1,56,55,57,-1,58,59,60,-1,60,59,61,-1,62,63,64,-1,64,63,65,-1,66,67,68,-1,68,67,69,-1,70,71,72,-1,72,71,73,-1,74,75,76,-1,76,75,77,-1,
        ]
    }
}
Shape{
    appearance Appearance {
        material  Material 	{
            diffuseColor 1.0 1.0 1.0
            specularColor 0.8784313725490196 0.8784313725490196 0.8784313725490196
            ambientIntensity 1.0
            transparency 0.0
            shininess 0.5
        }
    }
    geometry IndexedFaceSet {
        ccw TRUE
        solid FALSE
        coord DEF co Coordinate {
            point [
                1.3189 -0.5807 2.3819, 1.437 -0.5807 2.3819, 1.3189 -0.5501 2.3859, 1.437 -0.5501 2.3859, 1.3189 -0.5217 2.3977, 1.437 -0.5217 2.3977, 1.3189 -0.4972 2.4165, 1.437 -0.4972 2.4165, 1.3189 -0.4784 2.4409, 1.437 -0.4784 2.4409, 1.3189 -0.4666 2.4694, 1.437 -0.4666 2.4694, 1.3189 -0.4626 2.5, 1.437 -0.4626 2.5, 1.3189 -0.6595 2.3819, 1.437 -0.6595 2.3819, 1.3189 -0.7776 2.5, 1.437 -0.7776 2.5, 1.3189 -0.7735 2.4694, 1.437 -0.7735 2.4694, 1.3189 -0.7617 2.4409, 1.437 -0.7617 2.4409, 1.3189 -0.743 2.4165, 1.437 -0.743 2.4165, 1.3189 -0.7185 2.3977, 1.437 -0.7185 2.3977, 1.3189 -0.69 2.3859, 1.437 -0.69 2.3859, 1.3189 -0.7776 3.5236, 1.437 -0.7776 3.5236, 1.3189 -0.6595 3.6417, 1.437 -0.6595 3.6417, 1.3189 -0.69 3.6377, 1.437 -0.69 3.6377, 1.3189 -0.7185 3.6259, 1.437 -0.7185 3.6259, 1.3189 -0.743 3.6071, 1.437 -0.743 3.6071, 1.3189 -0.7617 3.5827, 1.437 -0.7617 3.5827, 1.3189 -0.7735 3.5542, 1.437 -0.7735 3.5542, 1.3189 -0.5807 3.6417, 1.437 -0.5807 3.6417, 1.3189 -0.4626 3.5236, 1.437 -0.4626 3.5236, 1.3189 -0.4666 3.5542, 1.437 -0.4666 3.5542, 1.3189 -0.4784 3.5827, 1.437 -0.4784 3.5827, 1.3189 -0.4972 3.6071, 1.437 -0.4972 3.6071, 1.3189 -0.5217 3.6259, 1.437 -0.5217 3.6259, 1.3189 -0.5501 3.6377, 1.437 -0.5501 3.6377, 1.3189 -0.5807 0.5354, 1.437 -0.5807 0.5354, 1.3189 -0.5501 0.5395, 1.437 -0.5501 0.5395, 1.3189 -0.5217 0.5513, 1.437 -0.5217 0.5513, 1.3189 -0.4972 0.57, 1.437 -0.4972 0.57, 1.3189 -0.4784 0.5945, 1.437 -0.4784 0.5945, 1.3189 -0.4666 0.623, 1.437 -0.4666 0.623, 1.3189 -0.4626 0.6535, 1.437 -0.4626 0.6535, 1.3189 -0.6595 0.5354, 1.437 -0.6595 0.5354, 1.3189 -0.7776 0.6535, 1.437 -0.7776 0.6535, 1.3189 -0.7735 0.623, 1.437 -0.7735 0.623, 1.3189 -0.7617 0.5945, 1.437 -0.7617 0.5945, 1.3189 -0.743 0.57, 1.437 -0.743 0.57, 1.3189 -0.7185 0.5513, 1.437 -0.7185 0.5513, 1.3189 -0.69 0.5395, 1.437 -0.69 0.5395, 1.3189 -0.7776 1.9488, 1.437 -0.7776 1.9488, 1.3189 -0.6595 2.0669, 1.437 -0.6595 2.0669, 1.3189 -0.69 2.0629, 1.437 -0.69 2.0629, 1.3189 -0.7185 2.0511, 1.437 -0.7185 2.0511, 1.3189 -0.743 2.0323, 1.437 -0.743 2.0323, 1.3189 -0.7617 2.0079, 1.437 -0.7617 2.0079, 1.3189 -0.7735 1.9794, 1.437 -0.7735 1.9794, 1.3189 -0.5807 2.0669, 1.437 -0.5807 2.0669, 1.3189 -0.4626 1.9488, 1.437 -0.4626 1.9488, 1.3189 -0.4666 1.9794, 1.437 -0.4666 1.9794, 1.3189 -0.4784 2.0079, 1.437 -0.4784 2.0079, 1.3189 -0.4972 2.0323, 1.437 -0.4972 2.0323, 1.3189 -0.5217 2.0511, 1.437 -0.5217 2.0511, 1.3189 -0.5501 2.0629, 1.437 -0.5501 2.0629
            ]
        }
        coordIndex [
            0,1,2,-1,2,1,3,-1,2,3,4,-1,4,3,5,-1,4,5,6,-1,6,5,7,-1,6,7,8,-1,8,7,9,-1,8,9,10,-1,10,9,11,-1,10,11,12,-1,12,11,13,-1,0,14,1,-1,1,14,15,-1,16,17,18,-1,18,17,19,-1,18,19,20,-1,20,19,21,-1,20,21,22,-1,22,21,23,-1,22,23,24,-1,24,23,25,-1,24,25,26,-1,26,25,27,-1,26,27,14,-1,14,27,15,-1,16,28,17,-1,17,28,29,-1,30,31,32,-1,32,31,33,-1,32,33,34,-1,34,33,35,-1,34,35,36,-1,36,35,37,-1,36,37,38,-1,38,37,39,-1,38,39,40,-1,40,39,41,-1,40,41,28,-1,28,41,29,-1,30,42,31,-1,31,42,43,-1,44,45,46,-1,46,45,47,-1,46,47,48,-1,48,47,49,-1,48,49,50,-1,50,49,51,-1,50,51,52,-1,52,51,53,-1,52,53,54,-1,54,53,55,-1,54,55,42,-1,42,55,43,-1,44,12,45,-1,45,12,13,-1,56,57,58,-1,58,57,59,-1,58,59,60,-1,60,59,61,-1,60,61,62,-1,62,61,63,-1,62,63,64,-1,64,63,65,-1,64,65,66,-1,66,65,67,-1,66,67,68,-1,68,67,69,-1,56,70,57,-1,57,70,71,-1,72,73,74,-1,74,73,75,-1,74,75,76,-1,76,75,77,-1,76,77,78,-1,78,77,79,-1,78,79,80,-1,80,79,81,-1,80,81,82,-1,82,81,83,-1,82,83,70,-1,70,83,71,-1,72,84,73,-1,73,84,85,-1,86,87,88,-1,88,87,89,-1,88,89,90,-1,90,89,91,-1,90,91,92,-1,92,91,93,-1,92,93,94,-1,94,93,95,-1,94,95,96,-1,96,95,97,-1,96,97,84,-1,84,97,85,-1,86,98,87,-1,87,98,99,-1,100,101,102,-1,102,101,103,-1,102,103,104,-1,104,103,105,-1,104,105,106,-1,106,105,107,-1,106,107,108,-1,108,107,109,-1,108,109,110,-1,110,109,111,-1,110,111,98,-1,98,111,99,-1,100,68,101,-1,101,68,69,-1,
        ]
    }
}
Shape{
    appearance Appearance {
        material  Material 	{
            diffuseColor 0.8509803921568627 0.8509803921568627 0.8509803921568627
            specularColor 0.4235294117647059 0.4235294117647059 0.4235294117647059
            ambientIntensity 0.851
            transparency 0.0
            shininess 0.5
        }
    }
    geometry IndexedFaceSet {
        ccw TRUE
        solid FALSE
        coord DEF co Coordinate {
            point [
                1.4402 0.6818 -0.0584, 1.4392 0.6851 -0.0486, 1.437 0.2854 0.0, 1.4448 0.2854 -0.0906, 1.4429 0.6791 -0.0787, 1.4414 0.6798 -0.0684, 1.4385 0.6897 -0.0394, 1.4379 0.6954 -0.0308, 1.4375 0.7022 -0.0231, 1.4373 0.7099 -0.0163, 1.4371 0.7185 -0.0105, 1.437 0.7277 -0.006, 1.437 0.7375 -0.0027, 1.437 0.7476 -0.0007, 1.437 0.7579 0.0, 1.5056 0.2854 -0.2612, 1.5056 0.6791 -0.2612, 1.4679 0.2854 -0.1785, 1.4679 0.6791 -0.1785, 1.4448 0.6791 -0.0906, 1.4028 0.6791 -0.3193, 1.3566 0.6791 -0.2182, 1.3284 0.6791 -0.1107, 1.3237 0.6791 -0.0787, 1.4028 0.2854 -0.3193, 1.3566 0.2854 -0.2182, 1.3284 0.2854 -0.1107, 1.3189 0.7579 0.0, 1.3189 0.7476 -0.0007, 1.3189 0.2854 0.0, 1.3189 0.7375 -0.0027, 1.3189 0.7277 -0.006, 1.319 0.7185 -0.0105, 1.3191 0.71 -0.0163, 1.3193 0.7022 -0.0231, 1.3196 0.6954 -0.0308, 1.3201 0.6897 -0.0394, 1.3207 0.6851 -0.0486, 1.3215 0.6818 -0.0584, 1.3225 0.6798 -0.0685, 1.6205 0.2854 -0.4648, 1.6205 0.6791 -0.4648, 1.5176 0.6791 -0.5228, 1.5176 0.2854 -0.5228, 1.6205 0.2854 -0.7163, 1.6205 0.6791 -0.7163, 1.6451 0.6791 -0.6556, 1.6451 0.2854 -0.6556, 1.6535 0.6791 -0.5905, 1.6535 0.2854 -0.5905, 1.6451 0.6791 -0.5255, 1.6451 0.2854 -0.5255, 1.5309 0.6791 -0.5555, 1.5354 0.6791 -0.5905, 1.5309 0.6791 -0.6256, 1.5176 0.6791 -0.6583, 1.5309 0.2854 -0.5555, 1.5354 0.2854 -0.5905, 1.5309 0.2854 -0.6256, 1.5176 0.2854 -0.6583, 1.5056 0.2854 -0.9199, 1.5056 0.6791 -0.9199, 1.4028 0.6791 -0.8618, 1.4028 0.2854 -0.8618, 1.4679 0.6791 -1.0026, 1.4679 0.2854 -1.0026, 1.4448 0.6791 -1.0905, 1.4448 0.2854 -1.0905, 1.437 0.6791 -1.1811, 1.437 0.2854 -1.1811, 1.3189 0.6791 -1.1811, 1.3284 0.6791 -1.0704, 1.3566 0.6791 -0.9629, 1.3189 0.2854 -1.1811, 1.3284 0.2854 -1.0704, 1.3566 0.2854 -0.9629, 1.437 0.6724 -1.232, 1.437 0.6528 -1.2795, 1.437 0.5332 -1.3712, 1.437 0.5807 -1.3516, 1.437 0.6215 -1.3203, 1.437 0.2921 -1.232, 1.437 0.3118 -1.2795, 1.437 0.4313 -1.3712, 1.437 0.3431 -1.3203, 1.437 0.3839 -1.3516, 1.437 0.4823 -1.378, 1.3189 0.6724 -1.232, 1.3189 0.6528 -1.2795, 1.3189 0.6215 -1.3203, 1.3189 0.5807 -1.3516, 1.3189 0.5332 -1.3712, 1.3189 0.4823 -1.378, 1.3189 0.2921 -1.232, 1.3189 0.3118 -1.2795, 1.3189 0.4313 -1.3712, 1.3189 0.3839 -1.3516, 1.3189 0.3431 -1.3203, 0.6496 -0.0886 3.3661, 0.6496 -0.0886 3.0118, 0.6496 -0.2067 3.3661, 0.6496 -0.2067 3.0118, 1.437 -0.2461 3.4108, 1.437 -0.2461 2.9672, 1.4369 -0.2414 3.4085, 1.4369 -0.2414 2.9695, 1.4367 -0.2366 3.4069, 1.4367 -0.2366 2.9711, 1.4363 -0.2315 3.4059, 1.4363 -0.2315 2.9721, 1.4358 -0.2264 3.4055, 1.4358 -0.2264 2.9724, 1.4316 -0.2053 3.4055, 1.4316 -0.2053 2.9724, 1.4159 -0.1673 2.9724, 1.4159 -0.1673 3.4055, 1.3909 -0.1347 2.9724, 1.3909 -0.1347 3.4055, 1.3583 -0.1097 2.9724, 1.3583 -0.1097 3.4055, 1.3203 -0.094 2.9724, 1.3203 -0.094 3.4055, 1.2795 -0.0886 2.9724, 1.2795 -0.0886 3.4055, 1.2795 -0.2067 2.9724, 1.2883 -0.2077 2.9724, 1.2966 -0.2106 2.9724, 1.3041 -0.2153 2.9724, 1.3103 -0.2215 2.9724, 1.3136 -0.2264 2.9724, 1.3189 -0.2461 2.9672, 1.3189 -0.2461 3.4108, 1.3187 -0.2418 3.4086, 1.3179 -0.2373 3.4071, 1.3179 -0.2373 2.9709, 1.3187 -0.2418 2.9693, 1.3177 -0.2366 3.4069, 1.3166 -0.2327 3.406, 1.3177 -0.2366 2.9711, 1.3166 -0.2327 2.9719, 1.315 -0.229 2.9724, 1.3149 -0.229 3.4057, 1.3136 -0.2264 3.4055, 1.2795 -0.2067 3.4055, 1.2883 -0.2077 3.4055, 1.2966 -0.2106 3.4055, 1.3041 -0.2153 3.4055, 1.3103 -0.2215 3.4055, 0.6788 -0.0886 3.4042, 0.689 -0.0886 3.4055, 0.6549 -0.0886 3.3858, 0.6611 -0.0886 3.394, 0.6693 -0.0886 3.4002, 0.6509 -0.0886 3.3763, 0.6549 -0.0886 2.9921, 0.6788 -0.0886 2.9738, 0.6611 -0.0886 2.984, 0.6693 -0.0886 2.9777, 0.689 -0.0886 2.9724, 0.6509 -0.0886 3.0016, 0.689 -0.2067 2.9724, 0.689 -0.2067 3.4055, 0.6788 -0.2067 3.4042, 0.6693 -0.2067 3.4002, 0.6611 -0.2067 3.394, 0.6549 -0.2067 3.3858, 0.6509 -0.2067 3.3763, 0.6509 -0.2067 3.0016, 0.6788 -0.2067 2.9738, 0.6549 -0.2067 2.9921, 0.6611 -0.2067 2.984, 0.6693 -0.2067 2.9777, 0.6496 -0.2067 0.9095, 0.6496 -0.2067 1.2638, 0.6496 -0.0886 0.9095, 0.6496 -0.0886 1.2638, 1.3189 -0.2461 0.8648, 1.3189 -0.2461 1.3084, 1.3187 -0.2418 1.3063, 1.3179 -0.2373 1.3047, 1.3179 -0.2373 0.8685, 1.3187 -0.2418 0.867, 1.3177 -0.2366 1.3045, 1.3166 -0.2327 1.3037, 1.3177 -0.2366 0.8687, 1.3166 -0.2327 0.8696, 1.315 -0.229 0.87, 1.3149 -0.229 1.3034, 1.3136 -0.2264 1.3032, 1.2795 -0.2067 1.3032, 1.2795 -0.2067 0.8701, 1.2883 -0.2077 1.3032, 1.2883 -0.2077 0.8701, 1.2966 -0.2106 1.3032, 1.2966 -0.2106 0.8701, 1.3041 -0.2153 1.3032, 1.3041 -0.2153 0.8701, 1.3103 -0.2215 1.3032, 1.3103 -0.2215 0.8701, 1.3136 -0.2264 0.8701, 1.2795 -0.0886 1.3032, 1.3203 -0.094 1.3032, 1.3583 -0.1097 1.3032, 1.3909 -0.1347 1.3032, 1.4159 -0.1673 1.3032, 1.4316 -0.2053 1.3032, 1.4358 -0.2264 1.3032, 1.437 -0.2461 1.3084, 1.437 -0.2461 0.8648, 1.4369 -0.2414 1.3061, 1.4369 -0.2414 0.8671, 1.4367 -0.2366 1.3045, 1.4367 -0.2366 0.8687, 1.4363 -0.2315 1.3035, 1.4363 -0.2315 0.8697, 1.4358 -0.2264 0.8701, 1.4316 -0.2053 0.8701, 1.4159 -0.1673 0.8701, 1.3909 -0.1347 0.8701, 1.3583 -0.1097 0.8701, 1.3203 -0.094 0.8701, 1.2795 -0.0886 0.8701, 0.689 -0.2067 0.8701, 0.689 -0.2067 1.3032, 0.6802 -0.2067 1.3022, 0.6644 -0.2067 1.2946, 0.6582 -0.2067 1.2883, 0.6535 -0.2067 1.2809, 0.6802 -0.2067 0.8711, 0.6535 -0.2067 0.8924, 0.6582 -0.2067 0.8849, 0.6644 -0.2067 0.8787, 0.6719 -0.2067 1.2993, 0.6506 -0.2067 1.2725, 0.6506 -0.2067 0.9007, 0.6719 -0.2067 0.874, 0.689 -0.0886 1.3032, 0.689 -0.0886 0.8701, 0.6802 -0.0886 0.8711, 0.6644 -0.0886 0.8787, 0.6582 -0.0886 0.8849, 0.6535 -0.0886 0.8924, 0.6802 -0.0886 1.3022, 0.6535 -0.0886 1.2809, 0.6582 -0.0886 1.2883, 0.6644 -0.0886 1.2946, 0.6719 -0.0886 0.874, 0.6506 -0.0886 0.9007, 0.6506 -0.0886 1.2725, 0.6719 -0.0886 1.2993, 1.437 -0.2658 3.4646, 1.3189 -0.2658 3.4646, 1.437 -0.2644 3.4748, 1.3189 -0.2644 3.4748, 1.437 -0.2605 3.4843, 1.3189 -0.2605 3.4843, 1.437 -0.2542 3.4924, 1.3189 -0.2542 3.4924, 1.437 -0.2461 3.4987, 1.3189 -0.2461 3.4987, 1.437 -0.2366 3.5026, 1.3189 -0.2366 3.5026, 1.437 -0.2264 3.5039, 1.3189 -0.2264 3.5039, 1.437 -0.2264 2.874, 1.3189 -0.2264 2.874, 1.437 -0.2366 2.8754, 1.3189 -0.2366 2.8754, 1.437 -0.2461 2.8793, 1.3189 -0.2461 2.8793, 1.437 -0.2542 2.8855, 1.3189 -0.2542 2.8855, 1.437 -0.2605 2.8937, 1.3189 -0.2605 2.8937, 1.437 -0.2644 2.9032, 1.3189 -0.2644 2.9032, 1.437 -0.2658 2.9134, 1.3189 -0.2658 2.9134, 1.437 -0.2658 2.9331, 1.3189 -0.2658 2.9331, 1.437 -0.2644 2.9433, 1.3189 -0.2644 2.9433, 1.437 -0.2605 2.9528, 1.3189 -0.2605 2.9528, 1.437 -0.2542 2.9609, 1.3189 -0.2542 2.9609, 1.3189 -0.2658 3.4449, 1.437 -0.2658 3.4449, 1.3189 -0.2644 3.4347, 1.437 -0.2644 3.4347, 1.3189 -0.2605 3.4252, 1.437 -0.2605 3.4252, 1.3189 -0.2542 3.417, 1.437 -0.2542 3.417, 1.3189 -0.2658 1.3425, 1.437 -0.2658 1.3425, 1.3189 -0.2644 1.3323, 1.437 -0.2644 1.3323, 1.3189 -0.2605 1.3228, 1.437 -0.2605 1.3228, 1.3189 -0.2542 1.3147, 1.437 -0.2542 1.3147, 1.437 -0.2658 0.8307, 1.3189 -0.2658 0.8307, 1.437 -0.2644 0.8409, 1.3189 -0.2644 0.8409, 1.437 -0.2605 0.8504, 1.3189 -0.2605 0.8504, 1.437 -0.2542 0.8586, 1.3189 -0.2542 0.8586, 1.437 -1.2697 0.2205, 1.3189 -1.2697 0.2205, 1.437 -1.2493 0.2178, 1.3189 -1.2493 0.2178, 1.437 -1.2303 0.2099, 1.3189 -1.2303 0.2099, 1.437 -1.214 0.1974, 1.3189 -1.214 0.1974, 1.437 -1.2015 0.1811, 1.3189 -1.2015 0.1811, 1.437 -1.1936 0.1621, 1.3189 -1.1936 0.1621, 1.437 -1.1909 0.1417, 1.3189 -1.1909 0.1417, 1.3189 -1.1122 0.0, 1.437 -1.1122 0.0, 1.437 -1.1326 0.0027, 1.3189 -1.1326 0.0027, 1.437 -1.1516 0.0106, 1.3189 -1.1516 0.0106, 1.437 -1.1679 0.0231, 1.3189 -1.1679 0.0231, 1.437 -1.1804 0.0394, 1.3189 -1.1804 0.0394, 1.437 -1.1883 0.0584, 1.3189 -1.1883 0.0584, 1.437 -1.1909 0.0787, 1.3189 -1.1909 0.0787, 1.3189 -0.7972 0.0787, 1.437 -0.7972 0.0787, 1.437 -0.7999 0.0584, 1.3189 -0.7999 0.0584, 1.437 -0.8078 0.0394, 1.3189 -0.8078 0.0394, 1.437 -0.8203 0.0231, 1.3189 -0.8203 0.0231, 1.437 -0.8366 0.0106, 1.3189 -0.8366 0.0106, 1.437 -0.8556 0.0027, 1.3189 -0.8556 0.0027, 1.437 -0.876 0.0, 1.3189 -0.876 0.0, 1.437 -0.7972 0.1417, 1.3189 -0.7972 0.1417, 1.437 -0.7946 0.1621, 1.3189 -0.7946 0.1621, 1.437 -0.7867 0.1811, 1.3189 -0.7867 0.1811, 1.437 -0.7742 0.1974, 1.3189 -0.7742 0.1974, 1.437 -0.7579 0.2099, 1.3189 -0.7579 0.2099, 1.437 -0.7389 0.2178, 1.3189 -0.7389 0.2178, 1.437 -0.7185 0.2205, 1.3189 -0.7185 0.2205, 1.437 0.2067 0.2205, 1.3189 0.2067 0.2205, 1.437 0.2271 0.2178, 1.3189 0.2271 0.2178, 1.437 0.2461 0.2099, 1.3189 0.2461 0.2099, 1.437 0.2624 0.1974, 1.3189 0.2624 0.1974, 1.437 0.2749 0.1811, 1.3189 0.2749 0.1811, 1.437 0.2827 0.1621, 1.3189 0.2827 0.1621, 1.437 0.2854 0.1417, 1.3189 0.2854 0.1417, 1.3189 1.0728 0.0787, 1.437 1.0728 0.0787, 1.437 1.0701 0.0584, 1.3189 1.0701 0.0584, 1.437 1.0623 0.0394, 1.3189 1.0623 0.0394, 1.437 1.0498 0.0231, 1.3189 1.0498 0.0231, 1.437 1.0335 0.0106, 1.3189 1.0335 0.0106, 1.437 1.0145 0.0027, 1.3189 1.0145 0.0027, 1.437 0.9941 0.0, 1.3189 0.9941 0.0, 1.437 1.0728 0.1417, 1.3189 1.0728 0.1417, 1.437 1.0755 0.1621, 1.3189 1.0755 0.1621, 1.437 1.0834 0.1811, 1.3189 1.0834 0.1811, 1.437 1.0959 0.1974, 1.3189 1.0959 0.1974, 1.437 1.1122 0.2099, 1.3189 1.1122 0.2099, 1.437 1.1312 0.2178, 1.3189 1.1312 0.2178, 1.437 1.1516 0.2205, 1.3189 1.1516 0.2205, 1.437 1.0728 0.6929, 1.3189 1.0728 0.6929, 1.437 1.0701 0.6725, 1.3189 1.0701 0.6725, 1.437 1.0623 0.6535, 1.3189 1.0623 0.6535, 1.437 1.0498 0.6372, 1.3189 1.0498 0.6372, 1.437 1.0335 0.6247, 1.3189 1.0335 0.6247, 1.437 1.0145 0.6169, 1.3189 1.0145 0.6169, 1.437 0.9941 0.6142, 1.3189 0.9941 0.6142, 1.437 -0.187 0.6142, 1.3189 -0.187 0.6142, 1.437 -0.2074 0.6169, 1.3189 -0.2074 0.6169, 1.437 -0.2264 0.6247, 1.3189 -0.2264 0.6247, 1.437 -0.2427 0.6372, 1.3189 -0.2427 0.6372, 1.437 -0.2552 0.6535, 1.3189 -0.2552 0.6535, 1.437 -0.2631 0.6725, 1.3189 -0.2631 0.6725, 1.437 -0.2658 0.6929, 1.3189 -0.2658 0.6929, 1.437 -0.2658 2.0315, 1.3189 -0.2658 2.0315, 1.437 -0.2631 2.0519, 1.3189 -0.2631 2.0519, 1.437 -0.2552 2.0709, 1.3189 -0.2552 2.0709, 1.437 -0.2427 2.0872, 1.3189 -0.2427 2.0872, 1.437 -0.2264 2.0997, 1.3189 -0.2264 2.0997, 1.437 -0.2074 2.1076, 1.3189 -0.2074 2.1076, 1.437 -0.187 2.1102, 1.3189 -0.187 2.1102, 1.437 0.9941 2.1102, 1.3189 0.9941 2.1102, 1.437 1.0145 2.1076, 1.3189 1.0145 2.1076, 1.437 1.0335 2.0997, 1.3189 1.0335 2.0997, 1.437 1.0498 2.0872, 1.3189 1.0498 2.0872, 1.437 1.0623 2.0709, 1.3189 1.0623 2.0709, 1.437 1.0701 2.0519, 1.3189 1.0701 2.0519, 1.437 1.0728 2.0315, 1.3189 1.0728 2.0315, 1.3189 1.5453 0.2992, 1.437 1.5453 0.2992, 1.437 1.5426 0.2788, 1.3189 1.5426 0.2788, 1.437 1.5347 0.2598, 1.3189 1.5347 0.2598, 1.437 1.5222 0.2435, 1.3189 1.5222 0.2435, 1.437 1.5059 0.231, 1.3189 1.5059 0.231, 1.437 1.4869 0.2232, 1.3189 1.4869 0.2232, 1.437 1.4665 0.2205, 1.3189 1.4665 0.2205, 1.3189 1.4665 2.5039, 1.437 1.4665 2.5039, 1.437 1.4869 2.5013, 1.3189 1.4869 2.5013, 1.437 1.5059 2.4934, 1.3189 1.5059 2.4934, 1.437 1.5222 2.4809, 1.3189 1.5222 2.4809, 1.437 1.5347 2.4646, 1.3189 1.5347 2.4646, 1.437 1.5426 2.4456, 1.3189 1.5426 2.4456, 1.437 1.5453 2.4252, 1.3189 1.5453 2.4252, 1.437 -0.0098 2.5039, 1.3189 -0.0098 2.5039, 1.437 -0.0302 2.5066, 1.3189 -0.0302 2.5066, 1.437 -0.0492 2.5145, 1.3189 -0.0492 2.5145, 1.437 -0.0655 2.527, 1.3189 -0.0655 2.527, 1.437 -0.078 2.5433, 1.3189 -0.078 2.5433, 1.437 -0.0859 2.5623, 1.3189 -0.0859 2.5623, 1.437 -0.0886 2.5827, 1.3189 -0.0886 2.5827, 1.3189 -0.1673 2.874, 1.437 -0.1673 2.874, 1.437 -0.1469 2.8713, 1.3189 -0.1469 2.8713, 1.437 -0.128 2.8635, 1.3189 -0.128 2.8635, 1.437 -0.1116 2.851, 1.3189 -0.1116 2.851, 1.437 -0.0991 2.8346, 1.3189 -0.0991 2.8346, 1.437 -0.0913 2.8157, 1.3189 -0.0913 2.8157, 1.437 -0.0886 2.7953, 1.3189 -0.0886 2.7953, 1.3189 -0.0886 3.5827, 1.437 -0.0886 3.5827, 1.437 -0.0913 3.5623, 1.3189 -0.0913 3.5623, 1.437 -0.0991 3.5433, 1.3189 -0.0991 3.5433, 1.437 -0.1116 3.527, 1.3189 -0.1116 3.527, 1.437 -0.128 3.5145, 1.3189 -0.128 3.5145, 1.437 -0.1469 3.5066, 1.3189 -0.1469 3.5066, 1.437 -0.1673 3.5039, 1.3189 -0.1673 3.5039, 1.3189 -0.1673 3.7795, 1.437 -0.1673 3.7795, 1.437 -0.1469 3.7768, 1.3189 -0.1469 3.7768, 1.437 -0.128 3.769, 1.3189 -0.128 3.769, 1.437 -0.1116 3.7565, 1.3189 -0.1116 3.7565, 1.437 -0.0991 3.7402, 1.3189 -0.0991 3.7402, 1.437 -0.0913 3.7212, 1.3189 -0.0913 3.7212, 1.437 -0.0886 3.7008, 1.3189 -0.0886 3.7008
            ]
        }
        coordIndex [
            0,1,2,-1,3,4,2,-1,2,4,5,-1,2,5,0,-1,1,6,2,-1,2,6,7,-1,2,7,8,-1,8,9,2,-1,2,9,10,-1,2,10,11,-1,11,12,2,-1,2,12,13,-1,2,13,14,-1,15,16,17,-1,17,16,18,-1,17,18,3,-1,3,18,19,-1,3,19,4,-1,16,20,18,-1,18,20,21,-1,18,21,19,-1,19,21,22,-1,19,22,4,-1,4,22,23,-1,20,24,25,-1,20,25,21,-1,21,25,26,-1,21,26,22,-1,27,28,29,-1,29,28,30,-1,29,30,31,-1,31,32,29,-1,29,32,33,-1,29,33,34,-1,34,35,29,-1,29,35,36,-1,29,36,37,-1,37,38,29,-1,29,38,39,-1,29,39,26,-1,26,39,23,-1,26,23,22,-1,15,40,16,-1,16,40,41,-1,16,41,20,-1,20,41,42,-1,20,42,24,-1,24,42,43,-1,15,24,40,-1,40,24,43,-1,44,45,46,-1,44,46,47,-1,47,46,48,-1,47,48,49,-1,49,48,50,-1,49,50,51,-1,51,50,41,-1,51,41,40,-1,42,41,52,-1,52,41,50,-1,52,50,53,-1,53,50,48,-1,53,48,54,-1,54,48,46,-1,54,46,55,-1,55,46,45,-1,43,42,56,-1,56,42,52,-1,56,52,57,-1,57,52,53,-1,57,53,58,-1,58,53,54,-1,58,54,59,-1,59,54,55,-1,59,44,58,-1,58,44,47,-1,58,47,57,-1,57,47,49,-1,57,49,56,-1,56,49,51,-1,56,51,43,-1,43,51,40,-1,44,60,45,-1,45,60,61,-1,45,61,55,-1,55,61,62,-1,55,62,59,-1,59,62,63,-1,44,59,60,-1,60,59,63,-1,61,60,64,-1,64,60,65,-1,64,65,66,-1,66,65,67,-1,66,67,68,-1,68,67,69,-1,68,70,66,-1,66,70,71,-1,66,71,64,-1,64,71,72,-1,64,72,61,-1,61,72,62,-1,70,73,74,-1,70,74,71,-1,71,74,75,-1,71,75,72,-1,72,75,63,-1,72,63,62,-1,60,63,65,-1,65,63,75,-1,65,75,67,-1,67,75,74,-1,67,74,69,-1,69,74,73,-1,76,68,69,-1,76,69,77,-1,78,79,69,-1,69,79,80,-1,69,80,77,-1,81,82,83,-1,83,82,84,-1,83,84,85,-1,81,83,69,-1,69,83,86,-1,69,86,78,-1,73,70,87,-1,87,88,73,-1,73,88,89,-1,73,89,90,-1,90,91,73,-1,73,91,92,-1,73,92,93,-1,93,92,94,-1,95,96,92,-1,92,96,97,-1,92,97,94,-1,98,99,100,-1,100,99,101,-1,102,103,104,-1,104,103,105,-1,104,105,106,-1,106,105,107,-1,106,107,108,-1,108,107,109,-1,108,109,110,-1,110,109,111,-1,110,111,112,-1,111,113,112,-1,112,113,114,-1,112,114,115,-1,115,114,116,-1,115,116,117,-1,117,116,118,-1,117,118,119,-1,119,118,120,-1,119,120,121,-1,121,120,122,-1,121,122,123,-1,124,122,125,-1,125,122,120,-1,125,120,126,-1,126,120,118,-1,126,118,127,-1,127,118,116,-1,127,116,128,-1,128,116,114,-1,128,114,129,-1,129,114,113,-1,129,113,111,-1,130,131,132,-1,133,134,132,-1,132,134,135,-1,132,135,130,-1,133,136,134,-1,134,136,137,-1,134,137,138,-1,138,137,139,-1,139,137,140,-1,140,137,141,-1,140,141,142,-1,143,124,144,-1,144,124,125,-1,144,125,145,-1,145,125,126,-1,145,126,146,-1,146,126,127,-1,146,127,147,-1,147,127,128,-1,147,128,142,-1,142,128,129,-1,142,129,140,-1,123,143,121,-1,121,143,144,-1,121,144,119,-1,119,144,145,-1,119,145,117,-1,145,146,117,-1,117,146,147,-1,117,147,115,-1,115,147,142,-1,115,142,112,-1,112,142,110,-1,148,149,98,-1,98,149,99,-1,150,151,152,-1,148,98,152,-1,152,98,153,-1,152,153,150,-1,154,155,156,-1,156,155,157,-1,123,122,149,-1,149,122,158,-1,149,158,99,-1,99,158,155,-1,99,155,159,-1,159,155,154,-1,158,122,160,-1,160,122,124,-1,124,143,160,-1,160,143,161,-1,162,163,100,-1,164,165,163,-1,163,165,166,-1,163,166,100,-1,167,168,101,-1,101,168,160,-1,101,160,100,-1,100,160,161,-1,100,161,162,-1,167,169,168,-1,168,169,170,-1,168,170,171,-1,161,143,149,-1,149,143,123,-1,172,173,174,-1,174,173,175,-1,176,177,178,-1,179,180,178,-1,178,180,181,-1,178,181,176,-1,179,182,180,-1,180,182,183,-1,180,183,184,-1,184,183,185,-1,185,183,186,-1,186,183,187,-1,186,187,188,-1,189,190,191,-1,191,190,192,-1,191,192,193,-1,193,192,194,-1,193,194,195,-1,195,194,196,-1,195,196,197,-1,197,196,198,-1,197,198,188,-1,188,198,199,-1,188,199,186,-1,200,189,201,-1,201,189,191,-1,201,191,202,-1,202,191,193,-1,202,193,203,-1,193,195,203,-1,203,195,197,-1,203,197,204,-1,204,197,188,-1,204,188,205,-1,205,188,206,-1,207,208,209,-1,209,208,210,-1,209,210,211,-1,211,210,212,-1,211,212,213,-1,213,212,214,-1,213,214,206,-1,206,214,215,-1,206,215,205,-1,215,216,205,-1,205,216,217,-1,205,217,204,-1,204,217,218,-1,204,218,203,-1,203,218,219,-1,203,219,202,-1,202,219,220,-1,202,220,201,-1,201,220,221,-1,201,221,200,-1,190,221,192,-1,192,221,220,-1,192,220,194,-1,194,220,219,-1,194,219,196,-1,196,219,218,-1,196,218,198,-1,198,218,217,-1,198,217,199,-1,199,217,216,-1,199,216,215,-1,190,189,222,-1,222,189,223,-1,173,223,224,-1,225,226,227,-1,223,173,222,-1,222,173,172,-1,222,172,228,-1,229,230,231,-1,224,232,173,-1,173,232,225,-1,173,225,233,-1,233,225,227,-1,229,231,234,-1,234,231,172,-1,172,231,235,-1,172,235,228,-1,223,189,236,-1,236,189,200,-1,200,221,236,-1,236,221,237,-1,174,237,238,-1,239,240,241,-1,237,174,236,-1,236,174,175,-1,236,175,242,-1,243,244,245,-1,238,246,174,-1,174,246,239,-1,174,239,247,-1,247,239,241,-1,243,245,248,-1,248,245,175,-1,175,245,249,-1,175,249,242,-1,237,221,222,-1,222,221,190,-1,98,100,166,-1,98,166,153,-1,153,166,165,-1,153,165,150,-1,150,165,164,-1,150,164,151,-1,151,164,163,-1,151,163,152,-1,152,163,162,-1,152,162,148,-1,148,162,161,-1,148,161,149,-1,101,99,159,-1,101,159,167,-1,167,159,154,-1,167,154,169,-1,169,154,156,-1,169,156,170,-1,170,156,157,-1,170,157,171,-1,171,157,155,-1,171,155,168,-1,168,155,158,-1,168,158,160,-1,172,174,247,-1,172,247,234,-1,234,247,241,-1,234,241,229,-1,229,241,240,-1,229,240,230,-1,230,240,239,-1,230,239,231,-1,231,239,246,-1,231,246,235,-1,235,246,238,-1,235,238,228,-1,228,238,237,-1,228,237,222,-1,175,173,233,-1,175,233,248,-1,248,233,227,-1,248,227,243,-1,243,227,226,-1,243,226,244,-1,244,226,225,-1,244,225,245,-1,245,225,232,-1,245,232,249,-1,249,232,224,-1,249,224,242,-1,242,224,223,-1,242,223,236,-1,250,251,252,-1,252,251,253,-1,252,253,254,-1,254,253,255,-1,254,255,256,-1,256,255,257,-1,256,257,258,-1,258,257,259,-1,258,259,260,-1,260,259,261,-1,260,261,262,-1,262,261,263,-1,264,265,266,-1,266,265,267,-1,266,267,268,-1,268,267,269,-1,268,269,270,-1,270,269,271,-1,270,271,272,-1,272,271,273,-1,272,273,274,-1,274,273,275,-1,274,275,276,-1,276,275,277,-1,107,138,109,-1,109,138,139,-1,109,139,111,-1,111,139,140,-1,111,140,129,-1,278,279,280,-1,280,279,281,-1,280,281,282,-1,282,281,283,-1,282,283,284,-1,284,283,285,-1,284,285,103,-1,103,285,130,-1,103,130,105,-1,105,130,135,-1,105,135,107,-1,107,135,134,-1,107,134,138,-1,106,132,104,-1,104,132,131,-1,142,141,110,-1,110,141,137,-1,110,137,108,-1,108,137,136,-1,108,136,106,-1,106,136,133,-1,106,133,132,-1,286,287,288,-1,288,287,289,-1,288,289,290,-1,290,289,291,-1,290,291,292,-1,292,291,293,-1,292,293,131,-1,131,293,102,-1,131,102,104,-1,211,178,209,-1,209,178,177,-1,188,187,206,-1,206,187,183,-1,206,183,213,-1,213,183,182,-1,213,182,211,-1,211,182,179,-1,211,179,178,-1,294,295,296,-1,296,295,297,-1,296,297,298,-1,298,297,299,-1,298,299,300,-1,300,299,301,-1,300,301,177,-1,177,301,207,-1,177,207,209,-1,212,184,214,-1,214,184,185,-1,214,185,215,-1,215,185,186,-1,215,186,199,-1,302,303,304,-1,304,303,305,-1,304,305,306,-1,306,305,307,-1,306,307,308,-1,308,307,309,-1,308,309,208,-1,208,309,176,-1,208,176,210,-1,210,176,181,-1,210,181,212,-1,212,181,180,-1,212,180,184,-1,310,311,312,-1,312,311,313,-1,312,313,314,-1,314,313,315,-1,314,315,316,-1,316,315,317,-1,316,317,318,-1,318,317,319,-1,318,319,320,-1,320,319,321,-1,320,321,322,-1,322,321,323,-1,324,325,326,-1,324,326,327,-1,327,326,328,-1,327,328,329,-1,329,328,330,-1,329,330,331,-1,331,330,332,-1,331,332,333,-1,333,332,334,-1,333,334,335,-1,335,334,336,-1,335,336,337,-1,338,339,340,-1,338,340,341,-1,341,340,342,-1,341,342,343,-1,343,342,344,-1,343,344,345,-1,345,344,346,-1,345,346,347,-1,347,346,348,-1,347,348,349,-1,349,348,350,-1,349,350,351,-1,352,353,354,-1,354,353,355,-1,354,355,356,-1,356,355,357,-1,356,357,358,-1,358,357,359,-1,358,359,360,-1,360,359,361,-1,360,361,362,-1,362,361,363,-1,362,363,364,-1,364,363,365,-1,366,367,368,-1,368,367,369,-1,368,369,370,-1,370,369,371,-1,370,371,372,-1,372,371,373,-1,372,373,374,-1,374,373,375,-1,374,375,376,-1,376,375,377,-1,376,377,378,-1,378,377,379,-1,27,14,28,-1,28,14,13,-1,28,13,30,-1,30,13,12,-1,30,12,31,-1,31,12,11,-1,31,11,32,-1,32,11,10,-1,32,10,33,-1,33,10,9,-1,33,9,34,-1,34,9,8,-1,34,8,35,-1,35,8,7,-1,35,7,36,-1,36,7,6,-1,36,6,37,-1,37,6,1,-1,37,1,38,-1,38,1,0,-1,38,0,39,-1,39,0,5,-1,39,5,23,-1,23,5,4,-1,380,381,382,-1,380,382,383,-1,383,382,384,-1,383,384,385,-1,385,384,386,-1,385,386,387,-1,387,386,388,-1,387,388,389,-1,389,388,390,-1,389,390,391,-1,391,390,392,-1,391,392,393,-1,394,395,396,-1,396,395,397,-1,396,397,398,-1,398,397,399,-1,398,399,400,-1,400,399,401,-1,400,401,402,-1,402,401,403,-1,402,403,404,-1,404,403,405,-1,404,405,406,-1,406,405,407,-1,408,409,410,-1,410,409,411,-1,410,411,412,-1,412,411,413,-1,412,413,414,-1,414,413,415,-1,414,415,416,-1,416,415,417,-1,416,417,418,-1,418,417,419,-1,418,419,420,-1,420,419,421,-1,422,423,424,-1,424,423,425,-1,424,425,426,-1,426,425,427,-1,426,427,428,-1,428,427,429,-1,428,429,430,-1,430,429,431,-1,430,431,432,-1,432,431,433,-1,432,433,434,-1,434,433,435,-1,436,437,438,-1,438,437,439,-1,438,439,440,-1,440,439,441,-1,440,441,442,-1,442,441,443,-1,442,443,444,-1,444,443,445,-1,444,445,446,-1,446,445,447,-1,446,447,448,-1,448,447,449,-1,450,451,452,-1,452,451,453,-1,452,453,454,-1,454,453,455,-1,454,455,456,-1,456,455,457,-1,456,457,458,-1,458,457,459,-1,458,459,460,-1,460,459,461,-1,460,461,462,-1,462,461,463,-1,464,465,466,-1,464,466,467,-1,467,466,468,-1,467,468,469,-1,469,468,470,-1,469,470,471,-1,471,470,472,-1,471,472,473,-1,473,472,474,-1,473,474,475,-1,475,474,476,-1,475,476,477,-1,478,479,480,-1,478,480,481,-1,481,480,482,-1,481,482,483,-1,483,482,484,-1,483,484,485,-1,485,484,486,-1,485,486,487,-1,487,486,488,-1,487,488,489,-1,489,488,490,-1,489,490,491,-1,492,493,494,-1,494,493,495,-1,494,495,496,-1,496,495,497,-1,496,497,498,-1,498,497,499,-1,498,499,500,-1,500,499,501,-1,500,501,502,-1,502,501,503,-1,502,503,504,-1,504,503,505,-1,506,507,508,-1,506,508,509,-1,509,508,510,-1,509,510,511,-1,511,510,512,-1,511,512,513,-1,513,512,514,-1,513,514,515,-1,515,514,516,-1,515,516,517,-1,517,516,518,-1,517,518,519,-1,520,521,522,-1,520,522,523,-1,523,522,524,-1,523,524,525,-1,525,524,526,-1,525,526,527,-1,527,526,528,-1,527,528,529,-1,529,528,530,-1,529,530,531,-1,531,530,532,-1,531,532,533,-1,534,535,536,-1,534,536,537,-1,537,536,538,-1,537,538,539,-1,539,538,540,-1,539,540,541,-1,541,540,542,-1,541,542,543,-1,543,542,544,-1,543,544,545,-1,545,544,546,-1,545,546,547,-1,
        ]
    }
}
Shape{
    appearance Appearance {
        material  Material 	{
            diffuseColor 1.0 1.0 1.0
            specularColor 0.8784313725490196 0.8784313725490196 0.8784313725490196
            ambientIntensity 1.0
            transparency 0.0
            shininess 0.5
        }
    }
    geometry IndexedFaceSet {
        ccw TRUE
        solid FALSE
        coord DEF co Coordinate {
            point [
                1.3189 0.6791 -1.1811, 1.437 0.6791 -1.1811, 1.437 0.6724 -1.232, 1.3189 0.6724 -1.232, 1.437 0.6528 -1.2795, 1.3189 0.6528 -1.2795, 1.437 0.6215 -1.3203, 1.3189 0.6215 -1.3203, 1.437 0.5807 -1.3516, 1.3189 0.5807 -1.3516, 1.437 0.5332 -1.3712, 1.3189 0.5332 -1.3712, 1.437 0.4823 -1.378, 1.3189 0.4823 -1.378, 1.437 0.2854 -1.1811, 1.3189 0.2854 -1.1811, 1.3189 0.2921 -1.232, 1.437 0.2921 -1.232, 1.3189 0.3118 -1.2795, 1.437 0.3118 -1.2795, 1.3189 0.3431 -1.3203, 1.437 0.3431 -1.3203, 1.3189 0.3839 -1.3516, 1.437 0.3839 -1.3516, 1.3189 0.4313 -1.3712, 1.437 0.4313 -1.3712
            ]
        }
        coordIndex [
            0,1,2,-1,0,2,3,-1,3,2,4,-1,3,4,5,-1,5,4,6,-1,5,6,7,-1,7,6,8,-1,7,8,9,-1,9,8,10,-1,9,10,11,-1,11,10,12,-1,11,12,13,-1,14,15,16,-1,14,16,17,-1,17,16,18,-1,17,18,19,-1,19,18,20,-1,19,20,21,-1,21,20,22,-1,21,22,23,-1,23,22,24,-1,23,24,25,-1,25,24,13,-1,25,13,12,-1,
        ]
    }
}
Shape{
    appearance Appearance {
        material  Material 	{
            diffuseColor 0.8509803921568627 0.8509803921568627 0.8509803921568627
            specularColor 0.4235294117647059 0.4235294117647059 0.4235294117647059
            ambientIntensity 0.851
            transparency 0.0
            shininess 0.5
        }
    }
    geometry IndexedFaceSet {
        ccw TRUE
        solid FALSE
        coord DEF co Coordinate {
            point [
                -1.3189 -1.5846 0.2205, -1.3189 -1.5846 3.7795, -1.3495 -1.5806 3.7795, -1.3495 -1.5806 0.2205, -1.378 -1.5688 3.7795, -1.378 -1.5688 0.2205, -1.4024 -1.5501 3.7795, -1.4024 -1.5501 0.2205, -1.4212 -1.5256 3.7795, -1.4212 -1.5256 0.2205, -1.433 -1.4971 3.7795, -1.433 -1.4971 0.2205, -1.437 -1.4665 3.7795, -1.437 -1.4665 0.2205, 1.3189 -1.5846 3.7795, 1.3189 -1.5846 0.2205, 1.3495 -1.5806 0.2205, 1.3495 -1.5806 3.7795, 1.378 -1.5688 0.2205, 1.378 -1.5688 3.7795, 1.4024 -1.5501 0.2205, 1.4024 -1.5501 3.7795, 1.4212 -1.5256 0.2205, 1.4212 -1.5256 3.7795, 1.433 -1.4971 0.2205, 1.433 -1.4971 3.7795, 1.437 -1.4665 0.2205, 1.437 -1.4665 3.7795, -1.2795 -1.4665 3.7795, -1.2795 -1.4665 0.2205, -1.2897 -1.4652 3.7795, -1.2897 -1.4652 0.2205, -1.2992 -1.4613 3.7795, -1.2992 -1.4613 0.2205, -1.3074 -1.455 3.7795, -1.3074 -1.455 0.2205, -1.3136 -1.4469 3.7795, -1.3136 -1.4469 0.2205, -1.3176 -1.4374 3.7795, -1.3176 -1.4374 0.2205, -1.3189 -1.4272 3.7795, -1.3189 -1.4272 0.2205, 1.3189 -1.4272 3.7795, 1.3189 -1.4272 0.2205, 1.3179 -1.4359 3.7795, 1.3179 -1.4359 0.2205, 1.315 -1.4443 3.7795, 1.315 -1.4443 0.2205, 1.3103 -1.4517 3.7795, 1.3103 -1.4517 0.2205, 1.3041 -1.4579 3.7795, 1.3041 -1.4579 0.2205, 1.2966 -1.4626 3.7795, 1.2966 -1.4626 0.2205, 1.2883 -1.4656 3.7795, 1.2883 -1.4656 0.2205, 1.2795 -1.4665 3.7795, 1.2795 -1.4665 0.2205, 0.0 -1.4665 2.1299, 0.0 -1.5846 2.1299, 0.1481 -1.4665 2.146, 0.1481 -1.5846 2.146, 0.2893 -1.4665 2.1936, 0.2893 -1.5846 2.1936, 0.417 -1.4665 2.2704, 0.417 -1.5846 2.2704, 0.5251 -1.4665 2.3729, 0.5251 -1.5846 2.3729, 0.6087 -1.4665 2.4962, 0.6087 -1.5846 2.4962, 0.6639 -1.4665 2.6346, 0.6639 -1.5846 2.6346, 0.688 -1.4665 2.7816, 0.688 -1.5846 2.7816, 0.6799 -1.4665 2.9304, 0.6799 -1.5846 2.9304, 0.64 -1.4665 3.0739, 0.64 -1.5846 3.0739, 0.5703 -1.4665 3.2055, 0.5703 -1.5846 3.2055, 0.4738 -1.4665 3.3191, 0.4738 -1.5846 3.3191, 0.3552 -1.4665 3.4093, 0.3552 -1.5846 3.4093, 0.22 -1.4665 3.4718, 0.22 -1.5846 3.4718, 0.0745 -1.4665 3.5038, 0.0745 -1.5846 3.5038, -0.0745 -1.4665 3.5038, -0.0745 -1.5846 3.5038, -0.22 -1.4665 3.4718, -0.22 -1.5846 3.4718, -0.3552 -1.4665 3.4093, -0.3552 -1.5846 3.4093, -0.4738 -1.4665 3.3191, -0.4738 -1.5846 3.3191, -0.5703 -1.4665 3.2055, -0.5703 -1.5846 3.2055, -0.64 -1.4665 3.0739, -0.64 -1.5846 3.0739, -0.6799 -1.4665 2.9304, -0.6799 -1.5846 2.9304, -0.688 -1.4665 2.7816, -0.688 -1.5846 2.7816, -0.6639 -1.4665 2.6346, -0.6639 -1.5846 2.6346, -0.6087 -1.4665 2.4962, -0.6087 -1.5846 2.4962, -0.5251 -1.4665 2.3729, -0.5251 -1.5846 2.3729, -0.417 -1.4665 2.2704, -0.417 -1.5846 2.2704, -0.2893 -1.4665 2.1936, -0.2893 -1.5846 2.1936, -0.1481 -1.4665 2.146, -0.1481 -1.5846 2.146, 0.0 -1.4665 0.5315, 0.0 -1.5846 0.5315, 0.1481 -1.4665 0.5476, 0.1481 -1.5846 0.5476, 0.2893 -1.4665 0.5952, 0.2893 -1.5846 0.5952, 0.417 -1.4665 0.672, 0.417 -1.5846 0.672, 0.5251 -1.4665 0.7744, 0.5251 -1.5846 0.7744, 0.6087 -1.4665 0.8978, 0.6087 -1.5846 0.8978, 0.6639 -1.4665 1.0362, 0.6639 -1.5846 1.0362, 0.688 -1.4665 1.1832, 0.688 -1.5846 1.1832, 0.6799 -1.4665 1.3319, 0.6799 -1.5846 1.3319, 0.64 -1.4665 1.4755, 0.64 -1.5846 1.4755, 0.5703 -1.4665 1.6071, 0.5703 -1.5846 1.6071, 0.4738 -1.4665 1.7207, 0.4738 -1.5846 1.7207, 0.3552 -1.4665 1.8108, 0.3552 -1.5846 1.8108, 0.22 -1.4665 1.8734, 0.22 -1.5846 1.8734, 0.0745 -1.4665 1.9054, 0.0745 -1.5846 1.9054, -0.0745 -1.4665 1.9054, -0.0745 -1.5846 1.9054, -0.22 -1.4665 1.8734, -0.22 -1.5846 1.8734, -0.3552 -1.4665 1.8108, -0.3552 -1.5846 1.8108, -0.4738 -1.4665 1.7207, -0.4738 -1.5846 1.7207, -0.5703 -1.4665 1.6071, -0.5703 -1.5846 1.6071, -0.64 -1.4665 1.4755, -0.64 -1.5846 1.4755, -0.6799 -1.4665 1.3319, -0.6799 -1.5846 1.3319, -0.688 -1.4665 1.1832, -0.688 -1.5846 1.1832, -0.6639 -1.4665 1.0362, -0.6639 -1.5846 1.0362, -0.6087 -1.4665 0.8978, -0.6087 -1.5846 0.8978, -0.5251 -1.4665 0.7744, -0.5251 -1.5846 0.7744, -0.417 -1.4665 0.672, -0.417 -1.5846 0.672, -0.2893 -1.4665 0.5952, -0.2893 -1.5846 0.5952, -0.1481 -1.4665 0.5476, -0.1481 -1.5846 0.5476
            ]
        }
        coordIndex [
            0,1,2,-1,0,2,3,-1,3,2,4,-1,3,4,5,-1,5,4,6,-1,5,6,7,-1,7,6,8,-1,7,8,9,-1,9,8,10,-1,9,10,11,-1,11,10,12,-1,11,12,13,-1,14,15,16,-1,14,16,17,-1,17,16,18,-1,17,18,19,-1,19,18,20,-1,19,20,21,-1,21,20,22,-1,21,22,23,-1,23,22,24,-1,23,24,25,-1,25,24,26,-1,25,26,27,-1,28,29,30,-1,30,29,31,-1,30,31,32,-1,32,31,33,-1,32,33,34,-1,34,33,35,-1,34,35,36,-1,36,35,37,-1,36,37,38,-1,38,37,39,-1,38,39,40,-1,40,39,41,-1,42,43,44,-1,44,43,45,-1,44,45,46,-1,46,45,47,-1,46,47,48,-1,48,47,49,-1,48,49,50,-1,50,49,51,-1,50,51,52,-1,52,51,53,-1,52,53,54,-1,54,53,55,-1,54,55,56,-1,56,55,57,-1,58,59,60,-1,60,59,61,-1,60,61,62,-1,62,61,63,-1,62,63,64,-1,64,63,65,-1,64,65,66,-1,66,65,67,-1,66,67,68,-1,68,67,69,-1,68,69,70,-1,70,69,71,-1,70,71,72,-1,72,71,73,-1,72,73,74,-1,74,73,75,-1,74,75,76,-1,76,75,77,-1,76,77,78,-1,78,77,79,-1,78,79,80,-1,80,79,81,-1,80,81,82,-1,82,81,83,-1,82,83,84,-1,84,83,85,-1,84,85,86,-1,86,85,87,-1,86,87,88,-1,88,87,89,-1,88,89,90,-1,90,89,91,-1,90,91,92,-1,92,91,93,-1,92,93,94,-1,94,93,95,-1,94,95,96,-1,96,95,97,-1,96,97,98,-1,98,97,99,-1,98,99,100,-1,100,99,101,-1,100,101,102,-1,102,101,103,-1,102,103,104,-1,104,103,105,-1,104,105,106,-1,106,105,107,-1,106,107,108,-1,108,107,109,-1,108,109,110,-1,110,109,111,-1,110,111,112,-1,112,111,113,-1,112,113,114,-1,114,113,115,-1,114,115,58,-1,58,115,59,-1,116,117,118,-1,118,117,119,-1,118,119,120,-1,120,119,121,-1,120,121,122,-1,122,121,123,-1,122,123,124,-1,124,123,125,-1,124,125,126,-1,126,125,127,-1,126,127,128,-1,128,127,129,-1,128,129,130,-1,130,129,131,-1,130,131,132,-1,132,131,133,-1,132,133,134,-1,134,133,135,-1,134,135,136,-1,136,135,137,-1,136,137,138,-1,138,137,139,-1,138,139,140,-1,140,139,141,-1,140,141,142,-1,142,141,143,-1,142,143,144,-1,144,143,145,-1,144,145,146,-1,146,145,147,-1,146,147,148,-1,148,147,149,-1,148,149,150,-1,150,149,151,-1,150,151,152,-1,152,151,153,-1,152,153,154,-1,154,153,155,-1,154,155,156,-1,156,155,157,-1,156,157,158,-1,158,157,159,-1,158,159,160,-1,160,159,161,-1,160,161,162,-1,162,161,163,-1,162,163,164,-1,164,163,165,-1,164,165,166,-1,166,165,167,-1,166,167,168,-1,168,167,169,-1,168,169,170,-1,170,169,171,-1,170,171,172,-1,172,171,173,-1,172,173,116,-1,116,173,117,-1,
        ]
    }
}
Shape{
    appearance Appearance {
        material  Material 	{
            diffuseColor 0.2235294117647059 0.2235294117647059 0.2235294117647059
            specularColor 0.11372549019607843 0.11372549019607843 0.11372549019607843
            ambientIntensity 0.2235
            transparency 0.0
            shininess 0.5
        }
    }
    geometry IndexedFaceSet {
        ccw TRUE
        solid FALSE
        coord DEF co Coordinate {
            point [
                -1.2303 -1.4665 0.2205, -1.2795 -1.4665 0.2205, -1.2795 -1.0797 0.2205, -0.1032 -1.0797 0.2205, -0.1224 -0.9134 0.2205, -0.1224 -0.8918 0.2205, -0.1514 -1.0797 0.2205, -0.1452 -1.0792 0.2205, -0.2359 -0.8985 0.2205, -0.2503 -0.9137 0.2205, -0.2773 -0.6709 0.2205, -0.1685 -1.0592 0.2205, -0.126 -0.9115 0.2205, -0.1446 -1.0561 0.2205, -0.1224 -1.0466 0.2205, -0.1224 -1.0731 0.2205, -0.2199 -0.8883 0.2205, -0.2467 -1.0453 0.2205, -0.2295 -1.0618 0.2205, -0.2773 -1.0797 0.2205, -0.2111 -1.0726 0.2205, -0.1879 -1.0571 0.2205, -0.2026 -1.0518 0.2205, -0.2165 -1.0424 0.2205, -0.2283 -1.0292 0.2205, -0.2364 -1.014 0.2205, -0.2416 -0.9927 0.2205, -0.2425 -0.9779 0.2205, -0.2405 -0.9566 0.2205, -0.2351 -0.9397 0.2205, -0.173 -0.9008 0.2205, -0.2178 -0.9164 0.2205, -0.1912 -0.9028 0.2205, -0.2057 -0.9082 0.2205, -0.2269 -0.926 0.2205, -0.1468 -0.9037 0.2205, -0.2689 -0.9763 0.2205, -0.266 -1.0043 0.2205, -0.2585 -1.0267 0.2205, -0.1434 -0.8832 0.2205, -0.1712 -0.8793 0.2205, -0.1032 -0.6709 0.2205, -0.1766 -0.8792 0.2205, -0.2008 -0.8817 0.2205, -0.2608 -0.9322 0.2205, -0.2669 -0.9533 0.2205, -0.1827 -1.0797 0.2205, -0.1688 -1.0809 0.2205, -0.1032 -1.4665 0.2205, -0.1895 -1.0791 0.2205, -0.2773 -1.4665 0.2205, 0.7874 -1.0797 0.2205, 1.2795 -1.0797 0.2205, 1.2795 -1.4665 0.2205, 0.7874 -1.4665 0.2205, 0.748 -1.4665 0.2205, 0.4513 -1.0797 0.2205, 0.4513 -1.4665 0.2205, 0.2257 -1.0797 0.2205, 0.0408 -1.4665 0.2205, 0.0408 -1.0797 0.2205, 0.2257 -1.4665 0.2205, -0.4393 -1.0797 0.2205, -0.4393 -1.4665 0.2205, -0.748 -1.4665 0.2205, -0.7874 -1.0797 0.2205, -0.7874 -1.4665 0.2205, -1.1811 -1.0797 0.2205, -1.1811 -1.4665 0.2205, 0.4513 -0.6709 0.2205, 0.7874 -0.6709 0.2205, 1.2795 -0.6709 0.2205, 0.3817 -0.8816 0.2205, 0.3618 -0.9368 0.2205, 0.2805 -0.9368 0.2205, 0.2617 -0.8816 0.2205, 0.2257 -0.6709 0.2205, 0.2329 -0.8816 0.2205, 0.3073 -1.0785 0.2205, 0.3337 -1.0785 0.2205, 0.4105 -0.8816 0.2205, 0.1156 -1.0785 0.2205, 0.144 -1.0754 0.2205, 0.1671 -1.0673 0.2205, 0.1865 -1.0546 0.2205, 0.1976 -0.9183 0.2205, 0.1815 -0.9027 0.2205, 0.2087 -0.9356 0.2205, 0.06 -1.0785 0.2205, 0.1611 -0.8907 0.2205, 0.1385 -0.8838 0.2205, 0.0408 -0.6709 0.2205, 0.1135 -0.8816 0.2205, 0.06 -0.8816 0.2205, 0.1942 -1.0476 0.2205, 0.206 -1.0321 0.2205, 0.2143 -1.013 0.2205, 0.2181 -0.9922 0.2205, 0.2185 -0.9825 0.2205, 0.2157 -0.9562 0.2205, -0.084 -0.8816 0.2205, 0.0216 -0.9032 0.2205, 0.0216 -0.8816 0.2205, -0.084 -1.0785 0.2205, 0.0168 -1.0785 0.2205, 0.0168 -1.0568 0.2205, -0.0576 -0.9704 0.2205, -0.0576 -0.9032 0.2205, 0.012 -0.9704 0.2205, 0.012 -0.992 0.2205, -0.0576 -0.992 0.2205, -0.0576 -1.0568 0.2205, -0.2857 -0.9032 0.2205, -0.2857 -0.8816 0.2205, -0.4393 -0.6709 0.2205, -0.3865 -0.8816 0.2205, -0.3865 -1.0785 0.2205, -0.3601 -1.0785 0.2205, -0.3601 -0.9032 0.2205, -1.1811 -0.6709 0.2205, -0.7874 -0.6709 0.2205, 1.0827 -0.3839 0.2205, 1.2795 -0.0886 0.2205, 1.0827 -0.4626 0.2205, 0.8858 -0.4626 0.2205, 0.8858 -0.3839 0.2205, 0.7874 -0.0886 0.2205, 0.4513 -0.0886 0.2205, 0.689 -0.3839 0.2205, 0.689 -0.4626 0.2205, 0.4921 -0.4626 0.2205, 0.4921 -0.3839 0.2205, -0.4393 -0.0886 0.2205, -0.4921 -0.3839 0.2205, -0.7874 -0.0886 0.2205, -0.689 -0.3839 0.2205, -0.689 -0.4626 0.2205, -0.4921 -0.4626 0.2205, 0.2257 -0.0886 0.2205, 0.0408 -0.0886 0.2205, -0.1032 -0.0886 0.2205, -0.2773 -0.0886 0.2205, -1.0827 -0.3839 0.2205, -1.1811 -0.0886 0.2205, -0.8858 -0.3839 0.2205, -0.8858 -0.4626 0.2205, -1.0827 -0.4626 0.2205, -1.2795 -0.6709 0.2205, -1.2795 -0.0886 0.2205, -0.2362 -0.0886 3.4646, -1.2795 -0.0886 3.4646, -0.2362 -0.0886 3.5827, -1.2795 -0.0886 3.7795, 0.2362 -0.0886 3.5827, 1.2795 -0.0886 3.7795, 0.2362 -0.0886 3.4646, 1.2795 -0.0886 3.4646, 0.2362 -0.0886 2.1575, 0.2362 -0.0886 2.9134, 1.2795 -0.0886 2.9134, -1.2795 -0.0886 2.9134, -0.2362 -0.0886 2.9134, -1.2795 -0.0886 1.3622, -0.2362 -0.0886 2.1575, 1.2795 -0.0886 1.3622, 0.2362 -0.0886 1.3622, 0.2362 -0.0886 1.8425, -0.2362 -0.0886 1.3622, -0.2362 -0.0886 1.8425, 1.2795 -0.2658 3.4646, 1.2795 -0.2658 2.9134, 1.2795 -0.2658 1.3622, 1.2795 -1.4665 1.8563, 1.2795 -0.2658 0.811, 1.2795 -1.4665 0.4055, 1.2795 -0.0886 0.811, 1.2795 -1.4665 3.7795, 1.2795 -1.4665 3.5354, 1.2795 -1.4665 2.748, 1.2795 -1.4665 2.1831, -1.2795 -0.0886 0.811, -0.2362 -0.0886 0.811, -0.2362 -0.0886 0.4173, 0.2362 -0.0886 0.4173, 0.2362 -0.0886 0.811, -1.2795 -1.4665 3.7795, -1.2795 -0.2658 3.4646, -1.2795 -0.2658 1.3622, -1.2795 -1.4665 3.5354, -1.2795 -0.2658 2.9134, -1.2795 -1.4665 2.748, -1.2795 -0.2658 0.811, -1.2795 -1.4665 0.4055, -1.2795 -1.4665 1.8563, -1.2795 -1.4665 2.1831, 0.748 -1.4665 0.4055, -0.3927 -1.4665 3.3114, -0.2733 -1.4665 3.3864, -0.748 -1.4665 3.5354, 0.1402 -1.4665 3.433, 0.748 -1.4665 3.5354, 0.0 -1.4665 3.4488, -0.1402 -1.4665 3.433, 0.2733 -1.4665 3.3864, 0.3927 -1.4665 3.3114, 0.4925 -1.4665 3.2117, -0.6141 -1.4665 2.9591, -0.5675 -1.4665 3.0922, -0.4925 -1.4665 3.2117, -0.6299 -1.4665 2.8189, -0.748 -1.4665 2.748, -0.6219 -1.4665 2.748, 0.5675 -1.4665 3.0922, 0.6141 -1.4665 2.9591, 0.748 -1.4665 2.748, 0.6299 -1.4665 2.8189, 0.6219 -1.4665 2.748, 0.6141 -1.4665 2.6787, 0.748 -1.4665 2.1831, 0.0 -1.4665 2.189, -0.748 -1.4665 2.1831, 0.5675 -1.4665 2.5456, 0.4925 -1.4665 2.4262, 0.3927 -1.4665 2.3264, -0.1402 -1.4665 2.2048, -0.2733 -1.4665 2.2514, -0.3927 -1.4665 2.3264, -0.4925 -1.4665 2.4262, -0.5675 -1.4665 2.5456, -0.6141 -1.4665 2.6787, 0.2733 -1.4665 2.2514, 0.1402 -1.4665 2.2048, -1.1757 -1.4665 3.5053, -1.1633 -1.4665 3.5354, -1.2303 -1.4665 3.5354, -1.16 -1.4665 3.5433, -1.2303 -1.4665 3.7795, -1.135 -1.4665 3.5759, -1.1024 -1.4665 3.601, -1.0644 -1.4665 3.6167, -1.0236 -1.4665 3.622, -0.748 -1.4665 3.7795, -0.9829 -1.4665 3.6167, -0.9449 -1.4665 3.601, -0.9123 -1.4665 3.5759, -0.8872 -1.4665 3.5433, -0.9829 -1.4665 3.3125, -1.0236 -1.4665 3.3071, -1.2303 -1.4665 2.748, -0.9123 -1.4665 3.3532, -0.9449 -1.4665 3.3282, -1.0644 -1.4665 3.3125, -1.1024 -1.4665 3.3282, -1.135 -1.4665 3.3532, -0.884 -1.4665 3.5354, -0.8715 -1.4665 3.5053, -1.16 -1.4665 3.3858, -1.1757 -1.4665 3.4238, -1.1811 -1.4665 3.4646, -0.8661 -1.4665 3.4646, -0.8715 -1.4665 3.4238, -0.8872 -1.4665 3.3858, 0.8872 -1.4665 3.5433, 0.9123 -1.4665 3.5759, 0.748 -1.4665 3.7795, 1.0644 -1.4665 3.6167, 1.1024 -1.4665 3.601, 0.884 -1.4665 3.5354, 0.9449 -1.4665 3.601, 0.9829 -1.4665 3.6167, 1.0236 -1.4665 3.622, 0.9829 -1.4665 3.3125, 0.9449 -1.4665 3.3282, 1.135 -1.4665 3.3532, 1.1024 -1.4665 3.3282, 1.0644 -1.4665 3.3125, 1.0236 -1.4665 3.3071, 1.135 -1.4665 3.5759, 1.16 -1.4665 3.5433, 1.1633 -1.4665 3.5354, 1.1757 -1.4665 3.5053, 0.8715 -1.4665 3.5053, 0.8661 -1.4665 3.4646, 1.1811 -1.4665 3.4646, 1.1757 -1.4665 3.4238, 1.16 -1.4665 3.3858, 0.9123 -1.4665 3.3532, 0.8872 -1.4665 3.3858, 0.8715 -1.4665 3.4238, -1.2303 -1.4665 0.4055, -1.2303 -1.4665 1.8563, -1.2303 -1.4665 2.1831, -1.0236 -1.4665 1.8622, -1.0644 -1.4665 1.8676, -1.16 -1.4665 2.0984, -1.135 -1.4665 2.131, -1.1024 -1.4665 2.1561, -1.0644 -1.4665 2.1718, -0.9449 -1.4665 1.8833, -0.9829 -1.4665 1.8676, -0.748 -1.4665 1.8563, -1.1024 -1.4665 1.8833, -1.135 -1.4665 1.9083, -1.16 -1.4665 1.9409, -1.0236 -1.4665 2.1772, -0.9829 -1.4665 2.1718, -0.9449 -1.4665 2.1561, -0.9123 -1.4665 2.131, -0.8661 -1.4665 2.0197, -0.8715 -1.4665 1.9789, -1.1757 -1.4665 1.9789, -1.1811 -1.4665 2.0197, -1.1757 -1.4665 2.0604, -0.8872 -1.4665 2.0984, -0.8715 -1.4665 2.0604, -0.8872 -1.4665 1.9409, -0.9123 -1.4665 1.9083, -0.748 -1.4665 0.4055, 0.5675 -1.4665 0.9472, 0.4925 -1.4665 0.8277, 0.3927 -1.4665 0.728, 0.2733 -1.4665 0.6529, 0.1402 -1.4665 0.6063, 0.0 -1.4665 0.5906, -0.1402 -1.4665 0.6063, -0.2733 -1.4665 0.6529, -0.3927 -1.4665 0.728, -0.4925 -1.4665 0.8277, -0.5675 -1.4665 0.9472, 0.2733 -1.4665 1.788, 0.3927 -1.4665 1.713, 0.748 -1.4665 1.8563, 0.4925 -1.4665 1.6132, 0.5675 -1.4665 1.4938, -0.5675 -1.4665 1.4938, -0.4925 -1.4665 1.6132, -0.3927 -1.4665 1.713, -0.2733 -1.4665 1.788, -0.1402 -1.4665 1.8346, 0.0 -1.4665 1.8504, 0.1402 -1.4665 1.8346, 0.6141 -1.4665 1.3606, 0.6299 -1.4665 1.2205, 0.6141 -1.4665 1.0803, -0.6141 -1.4665 1.0803, -0.6299 -1.4665 1.2205, -0.6141 -1.4665 1.3606, 0.8715 -1.4665 2.0604, 0.8872 -1.4665 2.0984, 1.0236 -1.4665 2.1772, 1.0644 -1.4665 2.1718, 1.1024 -1.4665 2.1561, 1.135 -1.4665 2.131, 1.16 -1.4665 2.0984, 1.1757 -1.4665 2.0604, 1.1811 -1.4665 2.0197, 1.1757 -1.4665 1.9789, 1.16 -1.4665 1.9409, 1.0236 -1.4665 1.8622, 0.9829 -1.4665 1.8676, 0.9449 -1.4665 1.8833, 0.9123 -1.4665 1.9083, 0.8872 -1.4665 1.9409, 0.8715 -1.4665 1.9789, 0.8661 -1.4665 2.0197, 0.9123 -1.4665 2.131, 0.9449 -1.4665 2.1561, 0.9829 -1.4665 2.1718, 1.135 -1.4665 1.9083, 1.1024 -1.4665 1.8833, 1.0644 -1.4665 1.8676, 0.2362 -0.187 1.3622, 1.2008 -0.187 1.3622, 0.2362 -0.187 1.8425, -0.2362 -0.187 1.8425, -0.2362 -0.187 1.3622, -1.2008 -0.187 1.3622, -0.2362 -0.187 0.811, -1.2008 -0.187 0.811, -0.2362 -0.187 0.4173, 0.2362 -0.187 0.4173, 0.2362 -0.187 0.811, 1.2008 -0.187 0.811, 0.2362 -0.187 3.4646, 1.2008 -0.187 3.4646, 0.2362 -0.187 3.5827, -0.2362 -0.187 3.5827, -0.2362 -0.187 3.4646, -1.2008 -0.187 3.4646, -0.2362 -0.187 2.9134, -1.2008 -0.187 2.9134, -0.2362 -0.187 2.1575, 0.2362 -0.187 2.1575, 0.2362 -0.187 2.9134, 1.2008 -0.187 2.9134
            ]
        }
        coordIndex [
            0,1,2,-1,3,4,5,-1,3,6,7,-1,8,9,10,-1,11,12,13,-1,13,12,4,-1,13,4,14,-1,14,4,3,-1,14,3,15,-1,15,3,7,-1,8,10,16,-1,17,18,19,-1,19,18,20,-1,11,21,12,-1,12,21,22,-1,12,22,23,-1,23,24,12,-1,12,24,25,-1,12,25,26,-1,26,27,12,-1,12,27,28,-1,12,28,29,-1,30,31,32,-1,32,31,33,-1,29,34,12,-1,12,34,31,-1,12,31,35,-1,35,31,30,-1,36,37,19,-1,19,37,38,-1,19,38,17,-1,39,40,41,-1,41,40,42,-1,41,42,10,-1,10,42,43,-1,10,43,16,-1,9,44,10,-1,10,44,45,-1,10,45,36,-1,46,47,48,-1,20,49,19,-1,19,49,46,-1,19,46,50,-1,50,46,48,-1,51,52,53,-1,53,54,51,-1,51,54,55,-1,51,55,56,-1,56,55,57,-1,56,57,58,-1,47,6,48,-1,48,6,3,-1,48,3,59,-1,59,3,60,-1,59,60,61,-1,62,63,64,-1,62,64,65,-1,65,64,66,-1,65,66,67,-1,67,66,68,-1,67,68,0,-1,56,69,51,-1,51,69,70,-1,51,70,52,-1,52,70,71,-1,72,73,74,-1,69,75,76,-1,76,75,77,-1,76,77,58,-1,77,78,58,-1,58,78,79,-1,58,79,56,-1,56,79,80,-1,56,80,69,-1,69,80,72,-1,69,72,75,-1,75,72,74,-1,81,82,58,-1,58,82,83,-1,58,83,84,-1,85,86,76,-1,85,76,87,-1,57,61,58,-1,58,61,60,-1,58,60,81,-1,81,60,88,-1,86,89,76,-1,76,89,90,-1,76,90,91,-1,91,90,92,-1,91,92,93,-1,84,94,58,-1,58,94,95,-1,58,95,96,-1,96,97,58,-1,58,97,98,-1,58,98,76,-1,76,98,99,-1,76,99,87,-1,100,3,41,-1,41,3,5,-1,41,5,39,-1,60,101,102,-1,100,41,102,-1,102,41,91,-1,102,91,60,-1,60,91,93,-1,60,93,88,-1,100,103,3,-1,3,103,104,-1,3,104,60,-1,60,104,105,-1,60,105,101,-1,106,107,108,-1,108,107,101,-1,108,101,109,-1,109,101,105,-1,109,105,110,-1,110,105,111,-1,19,112,113,-1,36,19,10,-1,10,19,113,-1,10,113,114,-1,115,116,62,-1,62,116,117,-1,118,112,117,-1,117,112,19,-1,117,19,62,-1,62,19,50,-1,62,50,63,-1,67,119,65,-1,65,119,120,-1,65,120,62,-1,62,120,114,-1,62,114,115,-1,115,114,113,-1,121,122,123,-1,123,122,71,-1,123,71,124,-1,124,71,70,-1,124,70,125,-1,125,70,126,-1,125,126,121,-1,121,126,122,-1,127,126,128,-1,128,126,129,-1,129,126,70,-1,129,70,130,-1,130,70,69,-1,130,69,131,-1,132,133,134,-1,134,133,135,-1,134,135,120,-1,120,135,136,-1,120,136,114,-1,114,136,137,-1,128,131,127,-1,127,131,69,-1,127,69,138,-1,138,69,76,-1,138,76,139,-1,139,76,91,-1,139,91,140,-1,140,91,41,-1,140,41,141,-1,141,41,10,-1,141,10,132,-1,132,10,114,-1,132,114,133,-1,133,114,137,-1,142,143,144,-1,144,143,134,-1,144,134,145,-1,145,134,120,-1,145,120,146,-1,146,120,119,-1,146,119,142,-1,142,119,143,-1,0,2,67,-1,67,2,147,-1,67,147,119,-1,119,147,148,-1,119,148,143,-1,149,150,151,-1,151,150,152,-1,151,152,153,-1,153,152,154,-1,153,154,155,-1,155,154,156,-1,157,158,159,-1,160,161,162,-1,162,161,163,-1,164,165,166,-1,167,162,168,-1,168,162,163,-1,168,163,166,-1,166,163,157,-1,166,157,164,-1,164,157,159,-1,169,156,154,-1,164,159,170,-1,164,170,171,-1,171,172,173,-1,173,172,174,-1,122,175,71,-1,71,175,173,-1,71,173,52,-1,52,173,174,-1,52,174,53,-1,154,176,169,-1,169,176,177,-1,169,177,170,-1,170,177,178,-1,170,178,171,-1,171,178,179,-1,171,179,172,-1,143,148,180,-1,180,181,182,-1,183,184,127,-1,127,184,175,-1,127,175,126,-1,126,175,122,-1,127,138,183,-1,183,138,139,-1,183,139,182,-1,182,139,140,-1,140,141,182,-1,182,141,132,-1,182,132,180,-1,180,132,134,-1,180,134,143,-1,185,152,186,-1,186,152,150,-1,160,162,187,-1,185,186,188,-1,188,186,189,-1,188,189,190,-1,160,187,189,-1,2,1,191,-1,191,1,192,-1,191,192,187,-1,187,192,193,-1,187,193,189,-1,189,193,194,-1,189,194,190,-1,180,148,191,-1,191,148,147,-1,191,147,2,-1,54,53,174,-1,57,55,195,-1,196,197,198,-1,199,200,201,-1,201,200,198,-1,201,198,202,-1,202,198,197,-1,199,203,200,-1,200,203,204,-1,200,204,205,-1,206,207,198,-1,198,207,208,-1,198,208,196,-1,206,198,209,-1,209,198,210,-1,209,210,211,-1,205,212,200,-1,200,212,213,-1,200,213,214,-1,214,213,215,-1,215,216,214,-1,214,216,217,-1,214,217,218,-1,219,220,218,-1,217,221,218,-1,218,221,222,-1,218,222,223,-1,219,224,220,-1,220,224,225,-1,220,225,226,-1,226,227,220,-1,220,227,228,-1,220,228,210,-1,210,228,229,-1,210,229,211,-1,223,230,218,-1,218,230,231,-1,218,231,219,-1,232,233,234,-1,234,233,235,-1,234,235,236,-1,236,235,237,-1,236,237,238,-1,238,239,236,-1,236,239,240,-1,236,240,241,-1,241,240,242,-1,242,243,241,-1,241,243,244,-1,241,244,245,-1,246,247,248,-1,249,250,210,-1,247,251,248,-1,248,251,252,-1,248,252,253,-1,198,254,255,-1,253,256,248,-1,248,256,257,-1,248,257,234,-1,234,257,258,-1,234,258,232,-1,255,259,198,-1,198,259,260,-1,198,260,210,-1,210,260,261,-1,210,261,249,-1,262,263,264,-1,265,266,176,-1,262,264,267,-1,263,268,264,-1,264,268,269,-1,264,269,176,-1,176,269,270,-1,176,270,265,-1,271,272,214,-1,273,274,178,-1,178,274,275,-1,271,214,276,-1,266,277,176,-1,176,277,278,-1,176,278,177,-1,177,278,279,-1,177,279,280,-1,267,200,281,-1,281,200,282,-1,280,283,177,-1,177,283,284,-1,177,284,178,-1,178,284,285,-1,178,285,273,-1,272,286,214,-1,214,286,287,-1,214,287,200,-1,200,287,288,-1,200,288,282,-1,192,289,193,-1,193,289,290,-1,193,290,194,-1,194,290,291,-1,194,291,190,-1,190,291,248,-1,190,248,188,-1,188,248,234,-1,188,234,185,-1,185,234,236,-1,290,292,293,-1,294,295,291,-1,291,295,296,-1,291,296,297,-1,298,299,300,-1,293,301,290,-1,290,301,302,-1,290,302,303,-1,304,305,220,-1,220,305,306,-1,220,306,307,-1,308,309,300,-1,303,310,290,-1,290,310,311,-1,290,311,291,-1,291,311,312,-1,291,312,294,-1,297,304,291,-1,291,304,220,-1,291,220,248,-1,248,220,210,-1,248,210,246,-1,246,210,250,-1,307,313,220,-1,220,313,314,-1,220,314,308,-1,309,315,300,-1,300,315,316,-1,300,316,298,-1,68,289,0,-1,0,289,192,-1,0,192,1,-1,68,66,289,-1,289,66,317,-1,289,317,290,-1,290,317,300,-1,290,300,292,-1,292,300,299,-1,267,264,200,-1,200,264,241,-1,200,241,198,-1,198,241,245,-1,198,245,254,-1,318,319,195,-1,195,319,320,-1,195,320,321,-1,321,322,195,-1,195,322,323,-1,195,323,317,-1,317,323,324,-1,317,324,325,-1,325,326,317,-1,317,326,327,-1,317,327,328,-1,329,330,331,-1,331,330,332,-1,331,332,333,-1,334,335,300,-1,300,335,336,-1,300,336,337,-1,337,338,300,-1,300,338,339,-1,300,339,331,-1,331,339,340,-1,331,340,329,-1,333,341,331,-1,331,341,342,-1,331,342,195,-1,195,342,343,-1,195,343,318,-1,328,344,317,-1,317,344,345,-1,317,345,300,-1,300,345,346,-1,300,346,334,-1,66,64,317,-1,317,64,63,-1,317,63,50,-1,50,48,317,-1,317,48,59,-1,317,59,195,-1,195,59,61,-1,195,61,57,-1,218,347,348,-1,349,350,179,-1,350,351,179,-1,179,351,352,-1,179,352,353,-1,353,354,179,-1,179,354,355,-1,179,355,172,-1,172,355,356,-1,172,356,357,-1,358,359,331,-1,331,359,360,-1,331,360,361,-1,361,362,331,-1,331,362,363,-1,331,363,364,-1,308,300,220,-1,220,300,331,-1,220,331,218,-1,218,331,364,-1,218,364,347,-1,348,365,218,-1,218,365,366,-1,218,366,367,-1,357,368,172,-1,172,368,369,-1,172,369,370,-1,275,276,178,-1,178,276,214,-1,178,214,179,-1,179,214,218,-1,179,218,349,-1,349,218,367,-1,55,54,195,-1,195,54,174,-1,195,174,331,-1,331,174,172,-1,331,172,358,-1,358,172,370,-1,152,185,236,-1,176,154,264,-1,264,154,152,-1,264,152,241,-1,241,152,236,-1,371,165,372,-1,372,165,164,-1,372,164,171,-1,371,373,165,-1,165,373,166,-1,373,374,166,-1,166,374,168,-1,374,375,168,-1,168,375,167,-1,167,375,162,-1,162,375,376,-1,162,376,187,-1,377,181,378,-1,378,181,180,-1,378,180,191,-1,377,379,181,-1,181,379,182,-1,379,380,182,-1,182,380,183,-1,380,381,183,-1,183,381,184,-1,184,381,175,-1,175,381,382,-1,175,382,173,-1,374,373,375,-1,375,373,371,-1,380,379,381,-1,381,379,377,-1,378,376,377,-1,377,376,375,-1,377,375,381,-1,381,375,371,-1,381,371,382,-1,382,371,372,-1,383,155,384,-1,384,155,156,-1,384,156,169,-1,383,385,155,-1,155,385,153,-1,385,386,153,-1,153,386,151,-1,386,387,151,-1,151,387,149,-1,149,387,150,-1,150,387,388,-1,150,388,186,-1,389,161,390,-1,390,161,160,-1,390,160,189,-1,389,391,161,-1,161,391,163,-1,391,392,163,-1,163,392,157,-1,392,393,157,-1,157,393,158,-1,158,393,159,-1,159,393,394,-1,159,394,170,-1,392,391,393,-1,393,391,389,-1,386,385,387,-1,387,385,383,-1,384,394,383,-1,383,394,393,-1,383,393,387,-1,387,393,389,-1,387,389,388,-1,388,389,390,-1,173,382,171,-1,171,382,372,-1,170,394,169,-1,169,394,384,-1,186,388,189,-1,189,388,390,-1,187,376,191,-1,191,376,378,-1,
        ]
    }
}
Shape{
    appearance Appearance {
        material  Material 	{
            diffuseColor 0.8509803921568627 0.8509803921568627 0.8509803921568627
            specularColor 0.4235294117647059 0.4235294117647059 0.4235294117647059
            ambientIntensity 0.851
            transparency 0.0
            shininess 0.5
        }
    }
    geometry IndexedFaceSet {
        ccw TRUE
        solid FALSE
        coord DEF co Coordinate {
            point [
                -0.8858 -0.3839 -1.2795, -0.8858 -0.3839 0.2205, -0.8858 -0.4626 -1.2795, -0.8858 -0.4626 0.2205, -1.0827 -0.4626 0.2205, -1.0827 -0.4626 -1.2795, -0.9843 -0.4626 -1.378, -0.9588 -0.4626 -1.3746, -1.0793 -0.4626 -1.305, -1.0695 -0.4626 -1.3287, -1.0538 -0.4626 -1.3491, -1.0335 -0.4626 -1.3648, -1.0097 -0.4626 -1.3746, -0.935 -0.4626 -1.3648, -0.9147 -0.4626 -1.3491, -0.8892 -0.4626 -1.305, -0.899 -0.4626 -1.3287, -1.0827 -0.3839 -1.2795, -1.0827 -0.3839 0.2205, -0.9843 -0.3839 -1.378, -1.0097 -0.3839 -1.3746, -0.8892 -0.3839 -1.305, -0.899 -0.3839 -1.3287, -0.9147 -0.3839 -1.3491, -0.935 -0.3839 -1.3648, -0.9588 -0.3839 -1.3746, -1.0335 -0.3839 -1.3648, -1.0538 -0.3839 -1.3491, -1.0695 -0.3839 -1.3287, -1.0793 -0.3839 -1.305, 0.8858 -0.3839 0.2205, 1.0827 -0.3839 0.2205, 0.8858 -0.3839 -1.2795, 1.0827 -0.3839 -1.2795, 0.9843 -0.3839 -1.378, 0.9588 -0.3839 -1.3746, 1.0793 -0.3839 -1.305, 1.0695 -0.3839 -1.3287, 1.0538 -0.3839 -1.3491, 1.0335 -0.3839 -1.3648, 1.0097 -0.3839 -1.3746, 0.935 -0.3839 -1.3648, 0.9147 -0.3839 -1.3491, 0.8892 -0.3839 -1.305, 0.899 -0.3839 -1.3287, 1.0827 -0.4626 -1.2795, 1.0827 -0.4626 0.2205, 0.8858 -0.4626 0.2205, 0.8858 -0.4626 -1.2795, 0.8892 -0.4626 -1.305, 0.935 -0.4626 -1.3648, 0.9588 -0.4626 -1.3746, 0.9843 -0.4626 -1.378, 1.0097 -0.4626 -1.3746, 0.899 -0.4626 -1.3287, 0.9147 -0.4626 -1.3491, 1.0335 -0.4626 -1.3648, 1.0538 -0.4626 -1.3491, 1.0695 -0.4626 -1.3287, 1.0793 -0.4626 -1.305, -0.689 -0.4626 0.1839, -0.689 -0.4626 0.2205, -0.689 -0.3839 0.1839, -0.689 -0.3839 0.2205, -0.4921 -0.3839 0.1839, -0.4921 -0.3839 0.2205, -0.4921 -0.4626 0.1839, -0.4921 -0.4626 0.2205, -0.6025 -0.3839 -0.0249, -0.6025 -0.4626 -0.0249, -0.6392 -0.4626 0.0199, -0.6392 -0.3839 0.0199, -0.6665 -0.4626 0.0709, -0.6665 -0.3839 0.0709, -0.6833 -0.4626 0.1263, -0.6833 -0.3839 0.1263, -0.4633 -0.3839 0.1143, -0.4755 -0.3839 0.1292, -0.4846 -0.3839 0.1462, -0.4902 -0.3839 0.1647, -0.4902 -0.4626 0.1647, -0.4846 -0.4626 0.1462, -0.4755 -0.4626 0.1292, -0.4633 -0.4626 0.1143, -0.5294 -0.4626 -0.098, -0.5294 -0.3839 -0.098, -0.3902 -0.3839 0.0412, -0.3902 -0.4626 0.0412, -0.4927 -0.4626 -0.1427, -0.4927 -0.3839 -0.1427, -0.4654 -0.4626 -0.1938, -0.4654 -0.3839 -0.1938, -0.4486 -0.4626 -0.2492, -0.4486 -0.3839 -0.2492, -0.4429 -0.4626 -0.3068, -0.4429 -0.3839 -0.3068, -0.329 -0.3839 -0.0334, -0.2835 -0.3839 -0.1184, -0.2555 -0.3839 -0.2108, -0.2461 -0.3839 -0.3068, -0.2461 -0.4626 -0.3068, -0.2555 -0.4626 -0.2108, -0.2835 -0.4626 -0.1184, -0.329 -0.4626 -0.0334, -0.4429 -0.4626 -1.2795, -0.4429 -0.3839 -1.2795, -0.2461 -0.3839 -1.2795, -0.2494 -0.3839 -1.305, -0.2592 -0.3839 -1.3287, -0.2749 -0.3839 -1.3491, -0.2953 -0.3839 -1.3648, -0.319 -0.3839 -1.3746, -0.4141 -0.3839 -1.3491, -0.4297 -0.3839 -1.3287, -0.3937 -0.3839 -1.3648, -0.37 -0.3839 -1.3746, -0.3445 -0.3839 -1.378, -0.4396 -0.3839 -1.305, -0.2461 -0.4626 -1.2795, -0.319 -0.4626 -1.3746, -0.3445 -0.4626 -1.378, -0.37 -0.4626 -1.3746, -0.2494 -0.4626 -1.305, -0.2592 -0.4626 -1.3287, -0.4396 -0.4626 -1.305, -0.4297 -0.4626 -1.3287, -0.3937 -0.4626 -1.3648, -0.4141 -0.4626 -1.3491, -0.2953 -0.4626 -1.3648, -0.2749 -0.4626 -1.3491, 0.4921 -0.4626 0.1839, 0.4921 -0.4626 0.2205, 0.4921 -0.3839 0.1839, 0.4921 -0.3839 0.2205, 0.689 -0.3839 0.1839, 0.689 -0.3839 0.2205, 0.689 -0.4626 0.1839, 0.689 -0.4626 0.2205, 0.4902 -0.4626 0.1647, 0.4902 -0.3839 0.1647, 0.4846 -0.4626 0.1462, 0.4846 -0.3839 0.1462, 0.4755 -0.4626 0.1292, 0.4755 -0.3839 0.1292, 0.4633 -0.4626 0.1143, 0.4633 -0.3839 0.1143, 0.6833 -0.3839 0.1263, 0.6665 -0.3839 0.0709, 0.6392 -0.3839 0.0199, 0.6025 -0.3839 -0.0249, 0.6025 -0.4626 -0.0249, 0.6392 -0.4626 0.0199, 0.6665 -0.4626 0.0709, 0.6833 -0.4626 0.1263, 0.3902 -0.4626 0.0412, 0.3902 -0.3839 0.0412, 0.5294 -0.3839 -0.098, 0.5294 -0.4626 -0.098, 0.2461 -0.3839 -0.3068, 0.2461 -0.4626 -0.3068, 0.2555 -0.4626 -0.2108, 0.2555 -0.3839 -0.2108, 0.2835 -0.4626 -0.1184, 0.2835 -0.3839 -0.1184, 0.329 -0.4626 -0.0334, 0.329 -0.3839 -0.0334, 0.4429 -0.3839 -0.3068, 0.4486 -0.3839 -0.2492, 0.4654 -0.3839 -0.1938, 0.4927 -0.3839 -0.1427, 0.4927 -0.4626 -0.1427, 0.4654 -0.4626 -0.1938, 0.4486 -0.4626 -0.2492, 0.4429 -0.4626 -0.3068, 0.2461 -0.4626 -1.2795, 0.2461 -0.3839 -1.2795, 0.3445 -0.3839 -1.378, 0.319 -0.3839 -1.3746, 0.4429 -0.3839 -1.2795, 0.4141 -0.3839 -1.3491, 0.3937 -0.3839 -1.3648, 0.37 -0.3839 -1.3746, 0.2494 -0.3839 -1.305, 0.2592 -0.3839 -1.3287, 0.4297 -0.3839 -1.3287, 0.2953 -0.3839 -1.3648, 0.2749 -0.3839 -1.3491, 0.4396 -0.3839 -1.305, 0.4429 -0.4626 -1.2795, 0.3445 -0.4626 -1.378, 0.37 -0.4626 -1.3746, 0.2494 -0.4626 -1.305, 0.2592 -0.4626 -1.3287, 0.2749 -0.4626 -1.3491, 0.3937 -0.4626 -1.3648, 0.4141 -0.4626 -1.3491, 0.2953 -0.4626 -1.3648, 0.319 -0.4626 -1.3746, 0.4297 -0.4626 -1.3287, 0.4396 -0.4626 -1.305, -0.2857 -0.9032 0.2244, -0.2857 -0.8816 0.2244, -0.2857 -0.9032 0.2205, -0.2857 -0.8816 0.2205, -0.3865 -0.8816 0.2244, -0.3865 -0.8816 0.2205, -0.3865 -1.0785 0.2244, -0.3865 -1.0785 0.2205, -0.3601 -1.0785 0.2244, -0.3601 -1.0785 0.2205, -0.3601 -0.9032 0.2244, -0.3601 -0.9032 0.2205, -0.1224 -0.9134 0.2244, -0.1224 -0.8918 0.2244, -0.1224 -0.9134 0.2205, -0.1224 -0.8918 0.2205, -0.1766 -0.8792 0.2244, -0.1766 -0.8792 0.2205, -0.1712 -0.8793 0.2205, -0.1712 -0.8793 0.2244, -0.1434 -0.8832 0.2205, -0.1434 -0.8832 0.2244, -0.2689 -0.9763 0.2244, -0.2689 -0.9763 0.2205, -0.2669 -0.9533 0.2205, -0.2669 -0.9533 0.2244, -0.2608 -0.9322 0.2205, -0.2608 -0.9322 0.2244, -0.2503 -0.9137 0.2205, -0.2503 -0.9137 0.2244, -0.2359 -0.8985 0.2205, -0.2359 -0.8985 0.2244, -0.2199 -0.8883 0.2205, -0.2199 -0.8883 0.2244, -0.2008 -0.8817 0.2205, -0.2008 -0.8817 0.2244, -0.1688 -1.0809 0.2244, -0.1688 -1.0809 0.2205, -0.1895 -1.0791 0.2244, -0.1827 -1.0797 0.2205, -0.1895 -1.0791 0.2205, -0.2111 -1.0726 0.2205, -0.2111 -1.0726 0.2244, -0.2295 -1.0618 0.2205, -0.2295 -1.0618 0.2244, -0.2467 -1.0453 0.2205, -0.2467 -1.0453 0.2244, -0.2585 -1.0267 0.2205, -0.2585 -1.0267 0.2244, -0.266 -1.0043 0.2205, -0.266 -1.0043 0.2244, -0.1514 -1.0797 0.2205, -0.1452 -1.0792 0.2244, -0.1452 -1.0792 0.2205, -0.1224 -1.0731 0.2244, -0.1224 -1.0731 0.2205, -0.1224 -1.0466 0.2244, -0.1224 -1.0466 0.2205, -0.1685 -1.0592 0.2244, -0.1685 -1.0592 0.2205, -0.1446 -1.0561 0.2205, -0.1446 -1.0561 0.2244, -0.2425 -0.9779 0.2244, -0.2425 -0.9779 0.2205, -0.2416 -0.9927 0.2205, -0.2416 -0.9927 0.2244, -0.2364 -1.014 0.2205, -0.2364 -1.014 0.2244, -0.2283 -1.0292 0.2205, -0.2283 -1.0292 0.2244, -0.2165 -1.0424 0.2205, -0.2165 -1.0424 0.2244, -0.2026 -1.0518 0.2205, -0.2026 -1.0518 0.2244, -0.1879 -1.0571 0.2205, -0.1879 -1.0571 0.2244, -0.173 -0.9008 0.2244, -0.173 -0.9008 0.2205, -0.1912 -0.9028 0.2205, -0.1912 -0.9028 0.2244, -0.2057 -0.9082 0.2205, -0.2057 -0.9082 0.2244, -0.2178 -0.9164 0.2205, -0.2178 -0.9164 0.2244, -0.2269 -0.926 0.2205, -0.2269 -0.926 0.2244, -0.2351 -0.9397 0.2205, -0.2351 -0.9397 0.2244, -0.2405 -0.9566 0.2205, -0.2405 -0.9566 0.2244, -0.126 -0.9115 0.2205, -0.126 -0.9115 0.2244, -0.1468 -0.9037 0.2205, -0.1468 -0.9037 0.2244, 0.0216 -0.9032 0.2244, 0.0216 -0.8816 0.2244, 0.0216 -0.9032 0.2205, 0.0216 -0.8816 0.2205, -0.084 -0.8816 0.2244, -0.084 -0.8816 0.2205, -0.084 -1.0785 0.2244, -0.084 -1.0785 0.2205, 0.0168 -1.0785 0.2244, 0.0168 -1.0785 0.2205, 0.0168 -1.0568 0.2244, 0.0168 -1.0568 0.2205, -0.0576 -1.0568 0.2244, -0.0576 -1.0568 0.2205, -0.0576 -0.992 0.2244, -0.0576 -0.992 0.2205
            ]
        }
        coordIndex [
            0,1,2,-1,2,1,3,-1,3,4,2,-1,2,4,5,-1,6,7,2,-1,5,8,2,-1,2,8,9,-1,2,9,10,-1,10,11,2,-1,2,11,12,-1,2,12,6,-1,7,13,2,-1,2,13,14,-1,2,14,15,-1,15,14,16,-1,5,4,17,-1,17,4,18,-1,18,1,17,-1,17,1,0,-1,19,20,17,-1,0,21,17,-1,17,21,22,-1,17,22,23,-1,23,24,17,-1,17,24,25,-1,17,25,19,-1,20,26,27,-1,27,28,20,-1,20,28,29,-1,20,29,17,-1,30,31,32,-1,32,31,33,-1,34,35,32,-1,33,36,32,-1,32,36,37,-1,32,37,38,-1,38,39,32,-1,32,39,40,-1,32,40,34,-1,35,41,32,-1,32,41,42,-1,32,42,43,-1,43,42,44,-1,33,31,45,-1,45,31,46,-1,46,47,45,-1,45,47,48,-1,45,48,49,-1,50,51,45,-1,45,51,52,-1,45,52,53,-1,49,54,45,-1,45,54,55,-1,45,55,50,-1,53,56,57,-1,57,58,53,-1,53,58,59,-1,53,59,45,-1,48,47,32,-1,32,47,30,-1,60,61,62,-1,62,61,63,-1,62,63,64,-1,64,63,65,-1,64,65,66,-1,66,65,67,-1,67,61,66,-1,66,61,60,-1,68,69,70,-1,68,70,71,-1,71,70,72,-1,71,72,73,-1,73,72,74,-1,73,74,75,-1,75,74,60,-1,75,60,62,-1,76,68,77,-1,77,68,71,-1,77,71,78,-1,78,71,73,-1,78,73,79,-1,79,73,75,-1,79,75,64,-1,64,75,62,-1,64,66,79,-1,79,66,80,-1,79,80,78,-1,78,80,81,-1,78,81,77,-1,77,81,82,-1,77,82,76,-1,76,82,83,-1,66,60,80,-1,80,60,74,-1,80,74,81,-1,81,74,72,-1,81,72,82,-1,82,72,70,-1,82,70,83,-1,83,70,69,-1,84,69,85,-1,85,69,68,-1,85,68,86,-1,86,68,76,-1,86,76,87,-1,87,76,83,-1,83,69,87,-1,87,69,84,-1,84,85,88,-1,88,85,89,-1,88,89,90,-1,90,89,91,-1,90,91,92,-1,92,91,93,-1,92,93,94,-1,94,93,95,-1,85,86,89,-1,89,86,96,-1,89,96,91,-1,91,96,97,-1,91,97,93,-1,93,97,98,-1,93,98,95,-1,95,98,99,-1,100,99,98,-1,100,98,101,-1,101,98,97,-1,101,97,102,-1,102,97,96,-1,102,96,103,-1,103,96,86,-1,103,86,87,-1,94,100,92,-1,92,100,101,-1,92,101,90,-1,90,101,102,-1,90,102,88,-1,88,102,103,-1,88,103,84,-1,84,103,87,-1,104,94,105,-1,105,94,95,-1,105,95,99,-1,99,106,105,-1,105,106,107,-1,105,107,108,-1,108,109,105,-1,105,109,110,-1,105,110,111,-1,112,113,114,-1,114,113,115,-1,111,116,105,-1,105,116,115,-1,105,115,117,-1,117,115,113,-1,106,99,118,-1,118,99,100,-1,119,104,120,-1,120,104,121,-1,100,94,118,-1,118,94,104,-1,118,104,122,-1,122,104,123,-1,104,124,121,-1,121,124,125,-1,121,125,126,-1,126,125,127,-1,119,128,104,-1,104,128,129,-1,104,129,123,-1,130,131,132,-1,132,131,133,-1,132,133,134,-1,134,133,135,-1,134,135,136,-1,136,135,137,-1,137,131,136,-1,136,131,130,-1,130,132,138,-1,138,132,139,-1,138,139,140,-1,140,139,141,-1,140,141,142,-1,142,141,143,-1,142,143,144,-1,144,143,145,-1,132,134,139,-1,139,134,146,-1,139,146,141,-1,141,146,147,-1,141,147,143,-1,143,147,148,-1,143,148,145,-1,145,148,149,-1,150,149,148,-1,150,148,151,-1,151,148,147,-1,151,147,152,-1,152,147,146,-1,152,146,153,-1,153,146,134,-1,153,134,136,-1,144,150,142,-1,142,150,151,-1,142,151,140,-1,140,151,152,-1,140,152,138,-1,138,152,153,-1,138,153,130,-1,130,153,136,-1,154,144,155,-1,155,144,145,-1,155,145,156,-1,156,145,149,-1,156,149,157,-1,157,149,150,-1,150,144,157,-1,157,144,154,-1,158,159,160,-1,158,160,161,-1,161,160,162,-1,161,162,163,-1,163,162,164,-1,163,164,165,-1,165,164,154,-1,165,154,155,-1,166,158,167,-1,167,158,161,-1,167,161,168,-1,168,161,163,-1,168,163,169,-1,169,163,165,-1,169,165,156,-1,156,165,155,-1,156,157,169,-1,169,157,170,-1,169,170,168,-1,168,170,171,-1,168,171,167,-1,167,171,172,-1,167,172,166,-1,166,172,173,-1,157,154,170,-1,170,154,164,-1,170,164,171,-1,171,164,162,-1,171,162,172,-1,172,162,160,-1,172,160,173,-1,173,160,159,-1,174,159,175,-1,175,159,158,-1,176,177,178,-1,179,180,181,-1,158,166,175,-1,175,166,178,-1,175,178,182,-1,182,178,183,-1,179,181,184,-1,177,185,178,-1,178,185,186,-1,178,186,183,-1,176,178,181,-1,181,178,187,-1,181,187,184,-1,178,166,188,-1,188,166,173,-1,173,159,188,-1,188,159,174,-1,189,190,188,-1,174,191,188,-1,188,191,192,-1,188,192,193,-1,190,194,195,-1,193,196,188,-1,188,196,197,-1,188,197,189,-1,195,198,190,-1,190,198,199,-1,190,199,188,-1,106,118,122,-1,106,122,107,-1,107,122,123,-1,107,123,108,-1,108,123,129,-1,108,129,109,-1,109,129,128,-1,109,128,110,-1,110,128,119,-1,110,119,111,-1,111,119,120,-1,111,120,116,-1,104,105,117,-1,104,117,124,-1,124,117,113,-1,124,113,125,-1,125,113,112,-1,125,112,127,-1,127,112,114,-1,127,114,126,-1,126,114,115,-1,126,115,121,-1,121,115,116,-1,121,116,120,-1,174,175,182,-1,174,182,191,-1,191,182,183,-1,191,183,192,-1,192,183,186,-1,192,186,193,-1,193,186,185,-1,193,185,196,-1,196,185,177,-1,196,177,197,-1,197,177,176,-1,197,176,189,-1,178,188,199,-1,178,199,187,-1,187,199,198,-1,187,198,184,-1,184,198,195,-1,184,195,179,-1,179,195,194,-1,179,194,180,-1,180,194,190,-1,180,190,181,-1,181,190,189,-1,181,189,176,-1,48,32,43,-1,48,43,49,-1,49,43,44,-1,49,44,54,-1,54,44,42,-1,54,42,55,-1,55,42,41,-1,55,41,50,-1,50,41,35,-1,50,35,51,-1,51,35,34,-1,51,34,52,-1,33,45,59,-1,33,59,36,-1,36,59,58,-1,36,58,37,-1,37,58,57,-1,37,57,38,-1,38,57,56,-1,38,56,39,-1,39,56,53,-1,39,53,40,-1,40,53,52,-1,40,52,34,-1,5,17,29,-1,5,29,8,-1,8,29,28,-1,8,28,9,-1,9,28,27,-1,9,27,10,-1,10,27,26,-1,10,26,11,-1,11,26,20,-1,11,20,12,-1,12,20,19,-1,12,19,6,-1,0,2,15,-1,0,15,21,-1,21,15,16,-1,21,16,22,-1,22,16,14,-1,22,14,23,-1,23,14,13,-1,23,13,24,-1,24,13,7,-1,24,7,25,-1,25,7,6,-1,25,6,19,-1,200,201,202,-1,202,201,203,-1,201,204,203,-1,203,204,205,-1,204,206,205,-1,205,206,207,-1,206,208,207,-1,207,208,209,-1,208,210,209,-1,209,210,211,-1,210,200,211,-1,211,200,202,-1,208,206,210,-1,210,206,204,-1,210,204,200,-1,200,204,201,-1,212,213,214,-1,214,213,215,-1,216,217,218,-1,216,218,219,-1,219,218,220,-1,219,220,221,-1,221,220,215,-1,221,215,213,-1,222,223,224,-1,222,224,225,-1,225,224,226,-1,225,226,227,-1,227,226,228,-1,227,228,229,-1,229,228,230,-1,229,230,231,-1,231,230,232,-1,231,232,233,-1,233,232,234,-1,233,234,235,-1,235,234,217,-1,235,217,216,-1,236,237,238,-1,238,237,239,-1,239,240,238,-1,238,240,241,-1,238,241,242,-1,242,241,243,-1,242,243,244,-1,244,243,245,-1,244,245,246,-1,246,245,247,-1,246,247,248,-1,248,247,249,-1,248,249,250,-1,250,249,223,-1,250,223,222,-1,237,236,251,-1,251,236,252,-1,251,252,253,-1,253,252,254,-1,253,254,255,-1,254,256,255,-1,255,256,257,-1,258,259,260,-1,258,260,261,-1,261,260,257,-1,261,257,256,-1,262,263,264,-1,262,264,265,-1,265,264,266,-1,265,266,267,-1,267,266,268,-1,267,268,269,-1,269,268,270,-1,269,270,271,-1,271,270,272,-1,271,272,273,-1,273,272,274,-1,273,274,275,-1,275,274,259,-1,275,259,258,-1,276,277,278,-1,276,278,279,-1,279,278,280,-1,279,280,281,-1,281,280,282,-1,281,282,283,-1,283,282,284,-1,283,284,285,-1,285,284,286,-1,285,286,287,-1,287,286,288,-1,287,288,289,-1,289,288,263,-1,289,263,262,-1,212,214,290,-1,212,290,291,-1,291,290,292,-1,291,292,293,-1,293,292,277,-1,293,277,276,-1,279,216,276,-1,276,216,219,-1,276,219,293,-1,293,219,221,-1,293,221,291,-1,291,221,213,-1,291,213,212,-1,256,254,261,-1,261,254,252,-1,261,252,258,-1,258,252,236,-1,258,236,275,-1,275,236,238,-1,275,238,273,-1,273,238,242,-1,273,242,271,-1,271,242,244,-1,271,244,269,-1,269,244,246,-1,269,246,267,-1,267,246,248,-1,267,248,265,-1,265,248,250,-1,265,250,262,-1,262,250,222,-1,262,222,289,-1,289,222,225,-1,289,225,287,-1,287,225,227,-1,287,227,285,-1,285,227,229,-1,285,229,283,-1,283,229,231,-1,283,231,281,-1,281,231,233,-1,281,233,279,-1,279,233,235,-1,279,235,216,-1,294,295,296,-1,296,295,297,-1,295,298,297,-1,297,298,299,-1,298,300,299,-1,299,300,301,-1,300,302,301,-1,301,302,303,-1,302,304,303,-1,303,304,305,-1,304,306,305,-1,305,306,307,-1,306,308,307,-1,307,308,309,-1,
        ]
    }
}
Shape{
    appearance Appearance {
        material  Material 	{
            diffuseColor 1.0 1.0 1.0
            specularColor 0.8784313725490196 0.8784313725490196 0.8784313725490196
            ambientIntensity 1.0
            transparency 0.0
            shininess 0.5
        }
    }
    geometry IndexedFaceSet {
        ccw TRUE
        solid FALSE
        coord DEF co Coordinate {
            point [
                -0.0576 -0.992 0.2244, 0.012 -0.992 0.2244, -0.0576 -0.992 0.2205, 0.012 -0.992 0.2205, 0.012 -0.9704 0.2244, 0.012 -0.9704 0.2205
            ]
        }
        coordIndex [
            0,1,2,-1,2,1,3,-1,1,4,3,-1,3,4,5,-1,
        ]
    }
}
Shape{
    appearance Appearance {
        material  Material 	{
            diffuseColor 0.8509803921568627 0.8509803921568627 0.8509803921568627
            specularColor 0.4235294117647059 0.4235294117647059 0.4235294117647059
            ambientIntensity 0.851
            transparency 0.0
            shininess 0.5
        }
    }
    geometry IndexedFaceSet {
        ccw TRUE
        solid FALSE
        coord DEF co Coordinate {
            point [
                0.012 -0.9704 0.2244, -0.0576 -0.9704 0.2244, 0.012 -0.9704 0.2205, -0.0576 -0.9704 0.2205, -0.0576 -0.9032 0.2244, -0.0576 -0.9032 0.2205, 0.0216 -0.9032 0.2244, 0.0216 -0.9032 0.2205, -0.084 -0.8816 0.2244, 0.0216 -0.8816 0.2244, -0.084 -1.0785 0.2244, 0.0168 -1.0568 0.2244, 0.0168 -1.0785 0.2244, -0.0576 -1.0568 0.2244, -0.0576 -0.992 0.2244, 0.012 -0.992 0.2244, 0.1135 -0.8816 0.2244, 0.06 -0.8816 0.2244, 0.1135 -0.8816 0.2205, 0.06 -0.8816 0.2205, 0.06 -1.0785 0.2244, 0.06 -1.0785 0.2205, 0.1156 -1.0785 0.2244, 0.1156 -1.0785 0.2205, 0.2185 -0.9825 0.2244, 0.2185 -0.9825 0.2205, 0.2181 -0.9922 0.2205, 0.2181 -0.9922 0.2244, 0.2143 -1.013 0.2205, 0.2143 -1.013 0.2244, 0.206 -1.0321 0.2205, 0.206 -1.0321 0.2244, 0.1942 -1.0476 0.2205, 0.1942 -1.0476 0.2244, 0.1865 -1.0546 0.2205, 0.1865 -1.0546 0.2244, 0.1671 -1.0673 0.2205, 0.1671 -1.0673 0.2244, 0.144 -1.0754 0.2205, 0.144 -1.0754 0.2244, 0.1385 -0.8838 0.2205, 0.1385 -0.8838 0.2244, 0.1611 -0.8907 0.2205, 0.1611 -0.8907 0.2244, 0.1815 -0.9027 0.2205, 0.1815 -0.9027 0.2244, 0.1976 -0.9183 0.2205, 0.1976 -0.9183 0.2244, 0.2087 -0.9356 0.2205, 0.2087 -0.9356 0.2244, 0.2157 -0.9562 0.2205, 0.2157 -0.9562 0.2244, 0.192 -0.9819 0.2244, 0.1904 -1.0015 0.2244, 0.1858 -1.0171 0.2244, 0.179 -1.0292 0.2244, 0.1695 -1.0393 0.2244, 0.1551 -1.0486 0.2244, 0.1389 -1.0543 0.2244, 0.1155 -1.0568 0.2244, 0.0864 -1.0568 0.2244, 0.0864 -0.9032 0.2244, 0.1144 -0.9032 0.2244, 0.1352 -0.9051 0.2244, 0.1517 -0.9103 0.2244, 0.165 -0.9182 0.2244, 0.1762 -0.9292 0.2244, 0.1844 -0.9426 0.2244, 0.1896 -0.9583 0.2244, 0.1155 -1.0568 0.2205, 0.0864 -1.0568 0.2205, 0.1389 -1.0543 0.2205, 0.1551 -1.0486 0.2205, 0.1695 -1.0393 0.2205, 0.179 -1.0292 0.2205, 0.1858 -1.0171 0.2205, 0.1904 -1.0015 0.2205, 0.192 -0.9819 0.2205, 0.1896 -0.9583 0.2205, 0.1844 -0.9426 0.2205, 0.1762 -0.9292 0.2205, 0.165 -0.9182 0.2205, 0.1517 -0.9103 0.2205, 0.1352 -0.9051 0.2205, 0.1144 -0.9032 0.2205, 0.0864 -0.9032 0.2205, 0.3337 -1.0785 0.2244, 0.4105 -0.8816 0.2244, 0.3337 -1.0785 0.2205, 0.4105 -0.8816 0.2205, 0.3817 -0.8816 0.2244, 0.3817 -0.8816 0.2205, 0.3618 -0.9368 0.2244, 0.3618 -0.9368 0.2205
            ]
        }
        coordIndex [
            0,1,2,-1,2,1,3,-1,1,4,3,-1,3,4,5,-1,4,6,5,-1,5,6,7,-1,8,9,6,-1,6,4,8,-1,8,4,1,-1,8,1,10,-1,11,12,13,-1,13,12,10,-1,13,10,14,-1,14,10,1,-1,14,1,15,-1,15,1,0,-1,16,17,18,-1,18,17,19,-1,17,20,19,-1,19,20,21,-1,20,22,21,-1,21,22,23,-1,24,25,26,-1,24,26,27,-1,27,26,28,-1,27,28,29,-1,29,28,30,-1,29,30,31,-1,31,30,32,-1,31,32,33,-1,33,32,34,-1,33,34,35,-1,35,34,36,-1,35,36,37,-1,37,36,38,-1,37,38,39,-1,39,38,23,-1,39,23,22,-1,16,18,40,-1,16,40,41,-1,41,40,42,-1,41,42,43,-1,43,42,44,-1,43,44,45,-1,45,44,46,-1,45,46,47,-1,47,46,48,-1,47,48,49,-1,49,48,50,-1,49,50,51,-1,51,50,25,-1,51,25,24,-1,51,24,52,-1,52,24,27,-1,52,27,53,-1,53,27,29,-1,53,29,54,-1,54,29,31,-1,54,31,55,-1,55,31,33,-1,55,33,56,-1,56,33,35,-1,56,35,57,-1,57,35,37,-1,57,37,58,-1,58,37,39,-1,58,39,59,-1,59,39,22,-1,59,22,60,-1,60,22,20,-1,60,20,61,-1,61,20,17,-1,61,17,62,-1,62,17,16,-1,62,16,63,-1,63,16,41,-1,63,41,64,-1,64,41,43,-1,64,43,65,-1,65,43,45,-1,65,45,66,-1,66,45,47,-1,66,47,67,-1,67,47,49,-1,67,49,68,-1,68,49,51,-1,68,51,52,-1,59,60,69,-1,69,60,70,-1,59,69,71,-1,59,71,58,-1,58,71,72,-1,58,72,57,-1,57,72,73,-1,57,73,56,-1,56,73,74,-1,56,74,55,-1,55,74,75,-1,55,75,54,-1,54,75,76,-1,54,76,53,-1,53,76,77,-1,53,77,52,-1,52,77,78,-1,52,78,68,-1,68,78,79,-1,68,79,67,-1,67,79,80,-1,67,80,66,-1,66,80,81,-1,66,81,65,-1,65,81,82,-1,65,82,64,-1,64,82,83,-1,64,83,63,-1,63,83,84,-1,63,84,62,-1,61,62,85,-1,85,62,84,-1,60,61,70,-1,70,61,85,-1,86,87,88,-1,88,87,89,-1,87,90,89,-1,89,90,91,-1,90,92,91,-1,91,92,93,-1,
        ]
    }
}
Shape{
    appearance Appearance {
        material  Material 	{
            diffuseColor 1.0 1.0 1.0
            specularColor 0.8784313725490196 0.8784313725490196 0.8784313725490196
            ambientIntensity 1.0
            transparency 0.0
            shininess 0.5
        }
    }
    geometry IndexedFaceSet {
        ccw TRUE
        solid FALSE
        coord DEF co Coordinate {
            point [
                0.3618 -0.9368 0.2244, 0.2805 -0.9368 0.2244, 0.3618 -0.9368 0.2205, 0.2805 -0.9368 0.2205, 0.2617 -0.8816 0.2244, 0.2617 -0.8816 0.2205, 0.2329 -0.8816 0.2244, 0.2329 -0.8816 0.2205, 0.3073 -1.0785 0.2244, 0.3073 -1.0785 0.2205, 0.3337 -1.0785 0.2244, 0.3337 -1.0785 0.2205, 0.2871 -0.9584 0.2244, 0.3529 -0.9584 0.2244, 0.3165 -1.0406 0.2244, 0.3183 -1.0475 0.2244, 0.3196 -1.0544 0.2244, 0.3203 -1.0544 0.2244, 0.3215 -1.0475 0.2244, 0.3233 -1.0406 0.2244, 0.4105 -0.8816 0.2244, 0.3817 -0.8816 0.2244, 0.2871 -0.9584 0.2205, 0.3529 -0.9584 0.2205, 0.3165 -1.0406 0.2205, 0.3183 -1.0475 0.2205, 0.3196 -1.0544 0.2205, 0.3203 -1.0544 0.2205, 0.3215 -1.0475 0.2205, 0.3233 -1.0406 0.2205
            ]
        }
        coordIndex [
            0,1,2,-1,2,1,3,-1,1,4,3,-1,3,4,5,-1,4,6,5,-1,5,6,7,-1,6,8,7,-1,7,8,9,-1,8,10,9,-1,9,10,11,-1,12,1,13,-1,13,1,0,-1,14,8,12,-1,12,8,6,-1,12,6,1,-1,1,6,4,-1,14,15,8,-1,8,15,16,-1,8,16,10,-1,10,16,17,-1,10,17,18,-1,18,19,10,-1,10,19,13,-1,10,13,20,-1,20,13,0,-1,20,0,21,-1,12,13,22,-1,22,13,23,-1,14,12,24,-1,24,12,22,-1,14,24,25,-1,14,25,15,-1,15,25,26,-1,15,26,16,-1,17,16,27,-1,27,16,26,-1,17,27,28,-1,17,28,18,-1,18,28,29,-1,18,29,19,-1,13,19,23,-1,23,19,29,-1,
        ]
    }
}
Shape{
    appearance Appearance {
        material  Material 	{
            diffuseColor 0.2235294117647059 0.2235294117647059 0.2235294117647059
            specularColor 0.11372549019607843 0.11372549019607843 0.11372549019607843
            ambientIntensity 0.2235
            transparency 0.0
            shininess 0.5
        }
    }
    geometry IndexedFaceSet {
        ccw TRUE
        solid FALSE
        coord DEF co Coordinate {
            point [
                0.0864 -1.0568 0.2205, 0.0864 -0.9032 0.2205, 0.1155 -1.0568 0.2205, 0.1144 -0.9032 0.2205, 0.1896 -0.9583 0.2205, 0.192 -0.9819 0.2205, 0.1904 -1.0015 0.2205, 0.1858 -1.0171 0.2205, 0.1389 -1.0543 0.2205, 0.1352 -0.9051 0.2205, 0.1517 -0.9103 0.2205, 0.165 -0.9182 0.2205, 0.179 -1.0292 0.2205, 0.1695 -1.0393 0.2205, 0.1551 -1.0486 0.2205, 0.1762 -0.9292 0.2205, 0.1844 -0.9426 0.2205, 0.2871 -0.9584 0.2205, 0.3529 -0.9584 0.2205, 0.3165 -1.0406 0.2205, 0.3233 -1.0406 0.2205, 0.3183 -1.0475 0.2205, 0.3215 -1.0475 0.2205, 0.3196 -1.0544 0.2205, 0.3203 -1.0544 0.2205, 0.227 -2.9688 1.7227, 0.2387 -2.9688 1.7162, 0.2733 -1.4665 1.788, 0.4922 -2.9688 1.4686, 0.4959 -2.9688 1.4593, 0.5675 -1.4665 1.4938, 0.5388 -2.9688 1.1044, 0.5369 -2.9688 1.098, 0.6141 -1.4665 1.0803, 0.3463 -2.9688 0.7916, 0.3435 -2.9688 0.7898, 0.3927 -1.4665 0.728, 0.2733 -1.4665 0.6529, 0.2384 -2.9688 0.7255, 0.1836 -2.9688 0.7008, 0.1402 -1.4665 0.6063, 0.2688 -2.9688 0.7393, 0.4138 -2.9688 0.8563, 0.4925 -1.4665 0.8277, 0.4296 -2.9688 0.8778, 0.4694 -2.9688 0.9315, 0.5675 -1.4665 0.9472, 0.4949 -2.9688 0.9822, 0.5114 -2.9688 1.015, 0.5507 -2.9688 1.1971, 0.6299 -1.4665 1.2205, 0.5497 -2.9688 1.2204, 0.5467 -2.9688 1.2905, 0.6141 -1.4665 1.3606, 0.5355 -2.9688 1.3427, 0.527 -2.9688 1.3819, 0.4432 -2.9688 1.5482, 0.4925 -1.4665 1.6132, 0.4299 -2.9688 1.5633, 0.3814 -2.9688 1.6184, 0.3927 -1.4665 1.713, 0.3424 -2.9688 1.6499, 0.3087 -2.9688 1.6771, 0.1389 -2.9688 1.7539, 0.1402 -1.4665 1.8346, 0.1225 -2.9688 1.7567, 0.0467 -2.9688 1.7697, 0.0 -1.4665 1.8504, 0.0 -2.9688 1.7717, -0.2733 -1.4665 1.788, -0.2387 -2.9688 1.7162, -0.227 -2.9688 1.7227, -0.1402 -1.4665 1.8346, -0.1389 -2.9688 1.7539, -0.1225 -2.9688 1.7567, -0.0467 -2.9688 1.7697, -0.3087 -2.9688 1.6771, -0.3927 -1.4665 1.713, -0.3424 -2.9688 1.6499, -0.5675 -1.4665 1.4938, -0.4959 -2.9688 1.4593, -0.4922 -2.9688 1.4686, -0.4925 -1.4665 1.6132, -0.4432 -2.9688 1.5482, -0.4299 -2.9688 1.5633, -0.3814 -2.9688 1.6184, -0.527 -2.9688 1.3819, -0.6141 -1.4665 1.3606, -0.5355 -2.9688 1.3427, -0.5388 -2.9688 1.1044, -0.5507 -2.9688 1.1971, -0.6299 -1.4665 1.2205, -0.5497 -2.9688 1.2204, -0.5467 -2.9688 1.2905, -0.5369 -2.9688 1.098, -0.6141 -1.4665 1.0803, -0.5114 -2.9688 1.015, -0.5675 -1.4665 0.9472, -0.4949 -2.9688 0.9822, -0.3463 -2.9688 0.7916, -0.4138 -2.9688 0.8563, -0.4925 -1.4665 0.8277, -0.4296 -2.9688 0.8778, -0.4694 -2.9688 0.9315, -0.3435 -2.9688 0.7898, -0.3927 -1.4665 0.728, -0.2688 -2.9688 0.7393, -0.2733 -1.4665 0.6529, -0.2384 -2.9688 0.7255, -0.1402 -1.4665 0.6063, -0.1222 -2.9688 0.6848, -0.1836 -2.9688 0.7008, 0.1222 -2.9688 0.6848, 0.0932 -2.9688 0.6772, 0.0 -1.4665 0.5906, 0.0 -2.9688 0.6693, -0.0932 -2.9688 0.6772, 0.0 -3.0807 0.7872, 0.0732 -3.0807 0.7935, 0.0 -3.0807 1.2205, -0.2113 -3.0807 0.8422, -0.1443 -3.0807 0.812, -0.0732 -3.0807 0.7935, -0.3689 -3.0807 0.9933, -0.3252 -3.0807 0.9342, -0.2722 -3.0807 0.8834, -0.4329 -3.0807 1.2021, -0.4235 -3.0807 1.1292, -0.402 -3.0807 1.0589, -0.3869 -3.0807 1.4155, -0.4143 -3.0807 1.3473, -0.4297 -3.0807 1.2755, -0.2426 -3.0807 1.5794, -0.2998 -3.0807 1.5333, -0.3483 -3.0807 1.4781, -0.0367 -3.0807 1.6522, -0.1092 -3.0807 1.6397, -0.1785 -3.0807 1.6153, 0.1785 -3.0807 1.6153, 0.1092 -3.0807 1.6397, 0.0367 -3.0807 1.6522, 0.3483 -3.0807 1.4781, 0.2998 -3.0807 1.5333, 0.2426 -3.0807 1.5794, 0.4297 -3.0807 1.2755, 0.4143 -3.0807 1.3473, 0.3869 -3.0807 1.4155, 0.402 -3.0807 1.0589, 0.4235 -3.0807 1.1292, 0.4329 -3.0807 1.2021, 0.2722 -3.0807 0.8834, 0.3252 -3.0807 0.9342, 0.3689 -3.0807 0.9933, 0.1443 -3.0807 0.812, 0.2113 -3.0807 0.8422, 0.227 -2.9688 3.3212, 0.2387 -2.9688 3.3147, 0.2733 -1.4665 3.3864, 0.4922 -2.9688 3.067, 0.4959 -2.9688 3.0578, 0.5675 -1.4665 3.0922, 0.3463 -2.9688 2.3901, 0.3435 -2.9688 2.3882, 0.3927 -1.4665 2.3264, 0.2733 -1.4665 2.2514, 0.2384 -2.9688 2.324, 0.1836 -2.9688 2.2992, 0.1402 -1.4665 2.2048, 0.2688 -2.9688 2.3377, 0.4138 -2.9688 2.4547, 0.4925 -1.4665 2.4262, 0.4296 -2.9688 2.4762, 0.4694 -2.9688 2.5299, 0.5675 -1.4665 2.5456, 0.4949 -2.9688 2.5806, 0.6299 -1.4665 2.8189, 0.5497 -2.9688 2.8188, 0.5507 -2.9688 2.7955, 0.6219 -1.4665 2.748, 0.5388 -2.9688 2.7028, 0.6141 -1.4665 2.6787, 0.5369 -2.9688 2.6964, 0.5114 -2.9688 2.6134, 0.5467 -2.9688 2.8889, 0.6141 -1.4665 2.9591, 0.5355 -2.9688 2.9411, 0.527 -2.9688 2.9803, 0.4432 -2.9688 3.1467, 0.4925 -1.4665 3.2117, 0.4299 -2.9688 3.1617, 0.3814 -2.9688 3.2168, 0.3927 -1.4665 3.3114, 0.3424 -2.9688 3.2483, 0.3087 -2.9688 3.2756, 0.1389 -2.9688 3.3523, 0.1402 -1.4665 3.433, 0.1225 -2.9688 3.3551, 0.0467 -2.9688 3.3681, 0.0 -1.4665 3.4488, 0.0 -2.9688 3.3701, -0.2733 -1.4665 3.3864, -0.2387 -2.9688 3.3147, -0.227 -2.9688 3.3212, -0.1402 -1.4665 3.433, -0.1389 -2.9688 3.3523, -0.1225 -2.9688 3.3551, -0.0467 -2.9688 3.3681, -0.3087 -2.9688 3.2756, -0.3927 -1.4665 3.3114, -0.3424 -2.9688 3.2483, -0.4925 -1.4665 3.2117, -0.5675 -1.4665 3.0922, -0.4922 -2.9688 3.067, -0.4432 -2.9688 3.1467, -0.4299 -2.9688 3.1617, -0.3814 -2.9688 3.2168, -0.5467 -2.9688 2.8889, -0.5355 -2.9688 2.9411, -0.6141 -1.4665 2.9591, -0.527 -2.9688 2.9803, -0.4959 -2.9688 3.0578, -0.5497 -2.9688 2.8188, -0.6299 -1.4665 2.8189, -0.5507 -2.9688 2.7955, -0.5388 -2.9688 2.7028, -0.6219 -1.4665 2.748, -0.5369 -2.9688 2.6964, -0.6141 -1.4665 2.6787, -0.5114 -2.9688 2.6134, -0.5675 -1.4665 2.5456, -0.4949 -2.9688 2.5806, -0.3463 -2.9688 2.3901, -0.4138 -2.9688 2.4547, -0.4925 -1.4665 2.4262, -0.4296 -2.9688 2.4762, -0.4694 -2.9688 2.5299, -0.3435 -2.9688 2.3882, -0.3927 -1.4665 2.3264, -0.2688 -2.9688 2.3377, -0.2733 -1.4665 2.2514, -0.2384 -2.9688 2.324, -0.1402 -1.4665 2.2048, -0.1222 -2.9688 2.2832, -0.1836 -2.9688 2.2992, 0.1222 -2.9688 2.2832, 0.0932 -2.9688 2.2756, 0.0 -1.4665 2.189, 0.0 -2.9688 2.2677, -0.0932 -2.9688 2.2756, 0.0 -3.0807 2.3857, 0.0732 -3.0807 2.3919, 0.0 -3.0807 2.8189, -0.2113 -3.0807 2.4407, -0.1443 -3.0807 2.4104, -0.0732 -3.0807 2.3919, -0.3689 -3.0807 2.5917, -0.3252 -3.0807 2.5327, -0.2722 -3.0807 2.4818, -0.4329 -3.0807 2.8005, -0.4235 -3.0807 2.7276, -0.402 -3.0807 2.6574, -0.3869 -3.0807 3.0139, -0.4143 -3.0807 2.9458, -0.4297 -3.0807 2.8739, -0.2426 -3.0807 3.1778, -0.2998 -3.0807 3.1317, -0.3483 -3.0807 3.0765, -0.0367 -3.0807 3.2506, -0.1092 -3.0807 3.2382, -0.1785 -3.0807 3.2137, 0.1785 -3.0807 3.2137, 0.1092 -3.0807 3.2382, 0.0367 -3.0807 3.2506, 0.3483 -3.0807 3.0765, 0.2998 -3.0807 3.1317, 0.2426 -3.0807 3.1778, 0.4297 -3.0807 2.8739, 0.4143 -3.0807 2.9458, 0.3869 -3.0807 3.0139, 0.402 -3.0807 2.6574, 0.4235 -3.0807 2.7276, 0.4329 -3.0807 2.8005, 0.2722 -3.0807 2.4818, 0.3252 -3.0807 2.5327, 0.3689 -3.0807 2.5917, 0.1443 -3.0807 2.4104, 0.2113 -3.0807 2.4407, 0.1819 -2.9981 2.3042, 0.3429 -2.9981 2.3942, 0.4648 -2.9981 2.5327, 0.5336 -2.9981 2.7039, 0.5415 -2.9981 2.8882, 0.4874 -2.9981 3.0647, 0.3777 -2.9981 3.213, 0.2249 -2.9981 3.3163, 0.0463 -2.9981 3.3628, -0.0463 -2.9981 3.3628, -0.1376 -2.9981 3.3472, -0.3057 -2.9981 3.2712, -0.3777 -2.9981 3.213, -0.522 -2.9981 2.9787, -0.5415 -2.9981 2.8882, -0.5065 -2.9981 2.6154, -0.4648 -2.9981 2.5327, -0.2662 -2.9981 2.3423, -0.1819 -2.9981 2.3042, -0.0782 -3.0769 2.3627, -0.1542 -3.0769 2.3825, -0.0829 -3.0659 2.3355, -0.1634 -3.0659 2.3564, -0.087 -3.0483 2.3118, -0.1714 -3.0483 2.3337, -0.0901 -3.0252 2.2932, -0.1777 -3.0252 2.316, -0.0923 -2.9981 2.2809, -0.3474 -3.0769 2.5131, -0.3941 -3.0769 2.5762, -0.3682 -3.0659 2.4948, -0.4177 -3.0659 2.5617, -0.3863 -3.0483 2.479, -0.4382 -3.0483 2.5491, -0.4004 -3.0252 2.4665, -0.4542 -3.0252 2.5392, -0.4098 -2.9981 2.4582, -0.4624 -3.0769 2.7993, -0.4591 -3.0769 2.8777, -0.4901 -3.0659 2.7981, -0.4865 -3.0659 2.8812, -0.5141 -3.0483 2.7971, -0.5104 -3.0483 2.8843, -0.5329 -3.0252 2.7963, -0.5291 -3.0252 2.8867, -0.5454 -2.9981 2.7957, -0.3721 -3.0769 3.0941, -0.3202 -3.0769 3.153, -0.3944 -3.0659 3.1106, -0.3394 -3.0659 3.173, -0.4137 -3.0483 3.1249, -0.356 -3.0483 3.1904, -0.4289 -3.0252 3.1361, -0.3691 -3.0252 3.204, -0.4389 -2.9981 3.1435, 0.2592 -3.0769 3.2023, 0.3202 -3.0769 3.153, 0.2747 -3.0659 3.2253, 0.3394 -3.0659 3.173, 0.2881 -3.0483 3.2452, 0.356 -3.0483 3.1904, 0.2987 -3.0252 3.2608, 0.3691 -3.0252 3.204, 0.3057 -2.9981 3.2712, 0.4425 -3.0769 2.9544, 0.4591 -3.0769 2.8777, 0.469 -3.0659 2.9625, 0.4865 -3.0659 2.8812, 0.492 -3.0483 2.9696, 0.5104 -3.0483 2.8843, 0.51 -3.0252 2.9751, 0.5291 -3.0252 2.8867, 0.522 -2.9981 2.9787, 0.4294 -3.0769 2.6463, 0.3941 -3.0769 2.5762, 0.4551 -3.0659 2.636, 0.4177 -3.0659 2.5617, 0.4774 -3.0483 2.627, 0.4382 -3.0483 2.5491, 0.4949 -3.0252 2.62, 0.4542 -3.0252 2.5392, 0.5065 -2.9981 2.6154, 0.2257 -3.0769 2.4149, 0.1542 -3.0769 2.3825, 0.2392 -3.0659 2.3907, 0.1634 -3.0659 2.3564, 0.2509 -3.0483 2.3697, 0.1714 -3.0483 2.3337, 0.2601 -3.0252 2.3532, 0.1777 -3.0252 2.316, 0.2662 -2.9981 2.3423, 0.0 -3.0769 2.3561, 0.0 -3.0659 2.3284, 0.0 -3.0483 2.3044, 0.0 -3.0252 2.2855, 0.0 -2.9981 2.273, -0.2601 -3.0252 2.3532, -0.2509 -3.0483 2.3697, -0.2392 -3.0659 2.3907, -0.2257 -3.0769 2.4149, -0.3429 -2.9981 2.3942, -0.3351 -3.0252 2.4039, -0.3232 -3.0483 2.4186, -0.3081 -3.0659 2.4373, -0.2908 -3.0769 2.4588, -0.4949 -3.0252 2.62, -0.4774 -3.0483 2.627, -0.4551 -3.0659 2.636, -0.4294 -3.0769 2.6463, -0.5336 -2.9981 2.7039, -0.5214 -3.0252 2.7065, -0.503 -3.0483 2.7105, -0.4795 -3.0659 2.7156, -0.4524 -3.0769 2.7214, -0.51 -3.0252 2.9751, -0.492 -3.0483 2.9696, -0.469 -3.0659 2.9625, -0.4425 -3.0769 2.9544, -0.4874 -2.9981 3.0647, -0.4763 -3.0252 3.059, -0.4595 -3.0483 3.0506, -0.438 -3.0659 3.0397, -0.4133 -3.0769 3.0273, -0.2987 -3.0252 3.2608, -0.2881 -3.0483 3.2452, -0.2747 -3.0659 3.2253, -0.2592 -3.0769 3.2023, -0.2249 -2.9981 3.3163, -0.2197 -3.0252 3.305, -0.2119 -3.0483 3.2878, -0.202 -3.0659 3.2659, -0.1906 -3.0769 3.2406, -0.1166 -3.0769 3.2668, -0.1236 -3.0659 3.2936, -0.1297 -3.0483 3.3168, -0.1344 -3.0252 3.3351, -0.0452 -3.0252 3.3504, -0.0436 -3.0483 3.3316, -0.0416 -3.0659 3.3076, -0.0392 -3.0769 3.28, 0.0452 -3.0252 3.3504, 0.0436 -3.0483 3.3316, 0.0416 -3.0659 3.3076, 0.0392 -3.0769 3.28, 0.1376 -2.9981 3.3472, 0.1344 -3.0252 3.3351, 0.1297 -3.0483 3.3168, 0.1236 -3.0659 3.2936, 0.1166 -3.0769 3.2668, 0.1906 -3.0769 3.2406, 0.202 -3.0659 3.2659, 0.2119 -3.0483 3.2878, 0.2197 -3.0252 3.305, 0.4389 -2.9981 3.1435, 0.4289 -3.0252 3.1361, 0.4137 -3.0483 3.1249, 0.3944 -3.0659 3.1106, 0.3721 -3.0769 3.0941, 0.4133 -3.0769 3.0273, 0.438 -3.0659 3.0397, 0.4595 -3.0483 3.0506, 0.4763 -3.0252 3.059, 0.5454 -2.9981 2.7957, 0.5329 -3.0252 2.7963, 0.5141 -3.0483 2.7971, 0.4901 -3.0659 2.7981, 0.4624 -3.0769 2.7993, 0.4524 -3.0769 2.7214, 0.4795 -3.0659 2.7156, 0.503 -3.0483 2.7105, 0.5214 -3.0252 2.7065, 0.4098 -2.9981 2.4582, 0.4004 -3.0252 2.4665, 0.3863 -3.0483 2.479, 0.3682 -3.0659 2.4948, 0.3474 -3.0769 2.5131, 0.2908 -3.0769 2.4588, 0.3081 -3.0659 2.4373, 0.3232 -3.0483 2.4186, 0.3351 -3.0252 2.4039, 0.0923 -2.9981 2.2809, 0.0901 -3.0252 2.2932, 0.087 -3.0483 2.3118, 0.0829 -3.0659 2.3355, 0.0782 -3.0769 2.3627, 0.1819 -2.9981 0.7058, 0.3429 -2.9981 0.7958, 0.4648 -2.9981 0.9343, 0.5336 -2.9981 1.1055, 0.5415 -2.9981 1.2898, 0.4874 -2.9981 1.4662, 0.3777 -2.9981 1.6146, 0.2249 -2.9981 1.7179, 0.0463 -2.9981 1.7644, -0.0463 -2.9981 1.7644, -0.1376 -2.9981 1.7487, -0.3057 -2.9981 1.6727, -0.3777 -2.9981 1.6146, -0.522 -2.9981 1.3803, -0.5415 -2.9981 1.2898, -0.5065 -2.9981 1.0169, -0.4648 -2.9981 0.9343, -0.2662 -2.9981 0.7439, -0.1819 -2.9981 0.7058, -0.0782 -3.0769 0.7643, -0.1542 -3.0769 0.7841, -0.0829 -3.0659 0.737, -0.1634 -3.0659 0.758, -0.087 -3.0483 0.7133, -0.1714 -3.0483 0.7353, -0.0901 -3.0252 0.6947, -0.1777 -3.0252 0.7175, -0.0923 -2.9981 0.6824, -0.3474 -3.0769 0.9147, -0.3941 -3.0769 0.9778, -0.3682 -3.0659 0.8964, -0.4177 -3.0659 0.9633, -0.3863 -3.0483 0.8805, -0.4382 -3.0483 0.9507, -0.4004 -3.0252 0.8681, -0.4542 -3.0252 0.9408, -0.4098 -2.9981 0.8598, -0.4624 -3.0769 1.2008, -0.4591 -3.0769 1.2793, -0.4901 -3.0659 1.1997, -0.4865 -3.0659 1.2828, -0.5141 -3.0483 1.1986, -0.5104 -3.0483 1.2858, -0.5329 -3.0252 1.1978, -0.5291 -3.0252 1.2882, -0.5454 -2.9981 1.1973, -0.3721 -3.0769 1.4957, -0.3202 -3.0769 1.5546, -0.3944 -3.0659 1.5121, -0.3394 -3.0659 1.5746, -0.4137 -3.0483 1.5264, -0.356 -3.0483 1.592, -0.4289 -3.0252 1.5377, -0.3691 -3.0252 1.6056, -0.4389 -2.9981 1.5451, 0.2592 -3.0769 1.6039, 0.3202 -3.0769 1.5546, 0.2747 -3.0659 1.6269, 0.3394 -3.0659 1.5746, 0.2881 -3.0483 1.6468, 0.356 -3.0483 1.592, 0.2987 -3.0252 1.6624, 0.3691 -3.0252 1.6056, 0.3057 -2.9981 1.6727, 0.4425 -3.0769 1.356, 0.4591 -3.0769 1.2793, 0.469 -3.0659 1.3641, 0.4865 -3.0659 1.2828, 0.492 -3.0483 1.3711, 0.5104 -3.0483 1.2858, 0.51 -3.0252 1.3767, 0.5291 -3.0252 1.2882, 0.522 -2.9981 1.3803, 0.4294 -3.0769 1.0479, 0.3941 -3.0769 0.9778, 0.4551 -3.0659 1.0376, 0.4177 -3.0659 0.9633, 0.4774 -3.0483 1.0286, 0.4382 -3.0483 0.9507, 0.4949 -3.0252 1.0216, 0.4542 -3.0252 0.9408, 0.5065 -2.9981 1.0169, 0.2257 -3.0769 0.8164, 0.1542 -3.0769 0.7841, 0.2392 -3.0659 0.7923, 0.1634 -3.0659 0.758, 0.2509 -3.0483 0.7713, 0.1714 -3.0483 0.7353, 0.2601 -3.0252 0.7548, 0.1777 -3.0252 0.7175, 0.2662 -2.9981 0.7439, 0.0 -3.0769 0.7577, 0.0 -3.0659 0.73, 0.0 -3.0483 0.7059, 0.0 -3.0252 0.6871, 0.0 -2.9981 0.6746, -0.2601 -3.0252 0.7548, -0.2509 -3.0483 0.7713, -0.2392 -3.0659 0.7923, -0.2257 -3.0769 0.8164, -0.3429 -2.9981 0.7958, -0.3351 -3.0252 0.8055, -0.3232 -3.0483 0.8201, -0.3081 -3.0659 0.8388, -0.2908 -3.0769 0.8604, -0.4949 -3.0252 1.0216, -0.4774 -3.0483 1.0286, -0.4551 -3.0659 1.0376, -0.4294 -3.0769 1.0479, -0.5336 -2.9981 1.1055, -0.5214 -3.0252 1.1081, -0.503 -3.0483 1.1121, -0.4795 -3.0659 1.1171, -0.4524 -3.0769 1.123, -0.51 -3.0252 1.3767, -0.492 -3.0483 1.3711, -0.469 -3.0659 1.3641, -0.4425 -3.0769 1.356, -0.4874 -2.9981 1.4662, -0.4763 -3.0252 1.4606, -0.4595 -3.0483 1.4521, -0.438 -3.0659 1.4413, -0.4133 -3.0769 1.4288, -0.2987 -3.0252 1.6624, -0.2881 -3.0483 1.6468, -0.2747 -3.0659 1.6269, -0.2592 -3.0769 1.6039, -0.2249 -2.9981 1.7179, -0.2197 -3.0252 1.7065, -0.2119 -3.0483 1.6893, -0.202 -3.0659 1.6674, -0.1906 -3.0769 1.6422, -0.1166 -3.0769 1.6684, -0.1236 -3.0659 1.6952, -0.1297 -3.0483 1.7184, -0.1344 -3.0252 1.7367, -0.0452 -3.0252 1.752, -0.0436 -3.0483 1.7332, -0.0416 -3.0659 1.7092, -0.0392 -3.0769 1.6816, 0.0452 -3.0252 1.752, 0.0436 -3.0483 1.7332, 0.0416 -3.0659 1.7092, 0.0392 -3.0769 1.6816, 0.1376 -2.9981 1.7487, 0.1344 -3.0252 1.7367, 0.1297 -3.0483 1.7184, 0.1236 -3.0659 1.6952, 0.1166 -3.0769 1.6684, 0.1906 -3.0769 1.6422, 0.202 -3.0659 1.6674, 0.2119 -3.0483 1.6893, 0.2197 -3.0252 1.7065, 0.4389 -2.9981 1.5451, 0.4289 -3.0252 1.5377, 0.4137 -3.0483 1.5264, 0.3944 -3.0659 1.5121, 0.3721 -3.0769 1.4957, 0.4133 -3.0769 1.4288, 0.438 -3.0659 1.4413, 0.4595 -3.0483 1.4521, 0.4763 -3.0252 1.4606, 0.5454 -2.9981 1.1973, 0.5329 -3.0252 1.1978, 0.5141 -3.0483 1.1986, 0.4901 -3.0659 1.1997, 0.4624 -3.0769 1.2008, 0.4524 -3.0769 1.123, 0.4795 -3.0659 1.1171, 0.503 -3.0483 1.1121, 0.5214 -3.0252 1.1081, 0.4098 -2.9981 0.8598, 0.4004 -3.0252 0.8681, 0.3863 -3.0483 0.8805, 0.3682 -3.0659 0.8964, 0.3474 -3.0769 0.9147, 0.2908 -3.0769 0.8604, 0.3081 -3.0659 0.8388, 0.3232 -3.0483 0.8201, 0.3351 -3.0252 0.8055, 0.0923 -2.9981 0.6824, 0.0901 -3.0252 0.6947, 0.087 -3.0483 0.7133, 0.0829 -3.0659 0.737, 0.0782 -3.0769 0.7643, -1.1757 -1.5846 3.5053, -1.1811 -1.4665 3.4646, -1.1811 -1.5846 3.4646, -1.1757 -1.4665 3.4238, -1.1757 -1.5846 3.4238, -1.16 -1.4665 3.3858, -1.16 -1.5846 3.3858, -1.135 -1.4665 3.3532, -1.135 -1.5846 3.3532, -1.1024 -1.4665 3.3282, -1.1024 -1.5846 3.3282, -1.0644 -1.4665 3.3125, -1.0644 -1.5846 3.3125, -1.0236 -1.4665 3.3071, -1.0236 -1.5846 3.3071, -0.9829 -1.4665 3.3125, -0.9829 -1.5846 3.3125, -0.9449 -1.4665 3.3282, -0.9449 -1.5846 3.3282, -0.9123 -1.4665 3.3532, -0.9123 -1.5846 3.3532, -0.8872 -1.4665 3.3858, -0.8872 -1.5846 3.3858, -0.8715 -1.4665 3.4238, -0.8715 -1.5846 3.4238, -0.8661 -1.4665 3.4646, -0.8661 -1.5846 3.4646, -0.8715 -1.4665 3.5053, -0.8715 -1.5846 3.5053, -0.884 -1.4665 3.5354, -0.8872 -1.5846 3.5433, -0.8872 -1.4665 3.5433, -0.9123 -1.4665 3.5759, -0.9123 -1.5846 3.5759, -0.9449 -1.4665 3.601, -0.9449 -1.5846 3.601, -0.9829 -1.4665 3.6167, -0.9829 -1.5846 3.6167, -1.0236 -1.4665 3.622, -1.0236 -1.5846 3.622, -1.0644 -1.4665 3.6167, -1.0644 -1.5846 3.6167, -1.1024 -1.4665 3.601, -1.1024 -1.5846 3.601, -1.135 -1.4665 3.5759, -1.135 -1.5846 3.5759, -1.16 -1.4665 3.5433, -1.16 -1.5846 3.5433, -1.1633 -1.4665 3.5354, -1.1757 -1.4665 3.5053, -1.0827 -1.624 3.3623, -1.0542 -1.624 3.3505, -1.0236 -1.624 3.4646, -1.0236 -1.624 3.3465, -0.9931 -1.624 3.3505, -1.1377 -1.624 3.434, -1.1259 -1.624 3.4055, -1.1071 -1.624 3.3811, -1.1259 -1.624 3.5236, -1.1377 -1.624 3.4951, -1.1417 -1.624 3.4646, -1.0542 -1.624 3.5787, -1.0827 -1.624 3.5669, -1.1071 -1.624 3.5481, -0.9646 -1.624 3.5669, -0.9931 -1.624 3.5787, -1.0236 -1.624 3.5827, -0.9095 -1.624 3.4951, -0.9213 -1.624 3.5236, -0.9401 -1.624 3.5481, -0.9213 -1.624 3.4055, -0.9095 -1.624 3.434, -0.9055 -1.624 3.4646, -0.9646 -1.624 3.3623, -0.9401 -1.624 3.3811, -1.0236 -1.4665 2.1772, -0.9829 -1.5846 2.1718, -0.9829 -1.4665 2.1718, -0.9449 -1.5846 2.1561, -0.9449 -1.4665 2.1561, -0.9123 -1.5846 2.131, -0.9123 -1.4665 2.131, -0.8872 -1.5846 2.0984, -0.8872 -1.4665 2.0984, -0.8715 -1.5846 2.0604, -0.8715 -1.4665 2.0604, -0.8661 -1.5846 2.0197, -0.8661 -1.4665 2.0197, -0.8715 -1.5846 1.9789, -0.8715 -1.4665 1.9789, -0.8872 -1.5846 1.9409, -0.8872 -1.4665 1.9409, -0.9123 -1.5846 1.9083, -0.9123 -1.4665 1.9083, -0.9449 -1.5846 1.8833, -0.9449 -1.4665 1.8833, -0.9829 -1.5846 1.8676, -0.9829 -1.4665 1.8676, -1.0236 -1.5846 1.8622, -1.0236 -1.4665 1.8622, -1.0644 -1.5846 1.8676, -1.0644 -1.4665 1.8676, -1.1024 -1.5846 1.8833, -1.1024 -1.4665 1.8833, -1.135 -1.5846 1.9083, -1.135 -1.4665 1.9083, -1.16 -1.5846 1.9409, -1.16 -1.4665 1.9409, -1.1757 -1.5846 1.9789, -1.1757 -1.4665 1.9789, -1.1811 -1.5846 2.0197, -1.1811 -1.4665 2.0197, -1.1757 -1.5846 2.0604, -1.1757 -1.4665 2.0604, -1.16 -1.5846 2.0984, -1.16 -1.4665 2.0984, -1.135 -1.5846 2.131, -1.135 -1.4665 2.131, -1.1024 -1.5846 2.1561, -1.1024 -1.4665 2.1561, -1.0644 -1.5846 2.1718, -1.0644 -1.4665 2.1718, -1.0236 -1.5846 2.1772, -1.0827 -1.624 1.9174, -1.0542 -1.624 1.9056, -1.0236 -1.624 2.0197, -1.0236 -1.624 1.9016, -0.9931 -1.624 1.9056, -1.1377 -1.624 1.9891, -1.1259 -1.624 1.9606, -1.1071 -1.624 1.9362, -1.1259 -1.624 2.0787, -1.1377 -1.624 2.0503, -1.1417 -1.624 2.0197, -1.0542 -1.624 2.1338, -1.0827 -1.624 2.122, -1.1071 -1.624 2.1032, -0.9646 -1.624 2.122, -0.9931 -1.624 2.1338, -1.0236 -1.624 2.1378, -0.9095 -1.624 2.0503, -0.9213 -1.624 2.0787, -0.9401 -1.624 2.1032, -0.9213 -1.624 1.9606, -0.9095 -1.624 1.9891, -0.9055 -1.624 2.0197, -0.9646 -1.624 1.9174, -0.9401 -1.624 1.9362, 0.8715 -1.5846 3.5053, 0.8661 -1.4665 3.4646, 0.8661 -1.5846 3.4646, 0.8715 -1.4665 3.4238, 0.8715 -1.5846 3.4238, 0.8872 -1.4665 3.3858, 0.8872 -1.5846 3.3858, 0.9123 -1.4665 3.3532, 0.9123 -1.5846 3.3532, 0.9449 -1.4665 3.3282, 0.9449 -1.5846 3.3282, 0.9829 -1.4665 3.3125, 0.9829 -1.5846 3.3125, 1.0236 -1.4665 3.3071, 1.0236 -1.5846 3.3071, 1.0644 -1.4665 3.3125, 1.0644 -1.5846 3.3125, 1.1024 -1.4665 3.3282, 1.1024 -1.5846 3.3282, 1.135 -1.4665 3.3532, 1.135 -1.5846 3.3532, 1.16 -1.4665 3.3858, 1.16 -1.5846 3.3858, 1.1757 -1.4665 3.4238, 1.1757 -1.5846 3.4238, 1.1811 -1.4665 3.4646, 1.1811 -1.5846 3.4646, 1.1757 -1.4665 3.5053, 1.1757 -1.5846 3.5053, 1.1633 -1.4665 3.5354, 1.16 -1.5846 3.5433, 1.16 -1.4665 3.5433, 1.135 -1.4665 3.5759, 1.135 -1.5846 3.5759, 1.1024 -1.4665 3.601, 1.1024 -1.5846 3.601, 1.0644 -1.4665 3.6167, 1.0644 -1.5846 3.6167, 1.0236 -1.4665 3.622, 1.0236 -1.5846 3.622, 0.9829 -1.4665 3.6167, 0.9829 -1.5846 3.6167, 0.9449 -1.4665 3.601, 0.9449 -1.5846 3.601, 0.9123 -1.4665 3.5759, 0.9123 -1.5846 3.5759, 0.8872 -1.4665 3.5433, 0.8872 -1.5846 3.5433, 0.884 -1.4665 3.5354, 0.8715 -1.4665 3.5053, 0.9646 -1.624 3.3623, 0.9931 -1.624 3.3505, 1.0236 -1.624 3.4646, 1.0236 -1.624 3.3465, 1.0542 -1.624 3.3505, 0.9095 -1.624 3.434, 0.9213 -1.624 3.4055, 0.9401 -1.624 3.3811, 0.9213 -1.624 3.5236, 0.9095 -1.624 3.4951, 0.9055 -1.624 3.4646, 0.9931 -1.624 3.5787, 0.9646 -1.624 3.5669, 0.9401 -1.624 3.5481, 1.0827 -1.624 3.5669, 1.0542 -1.624 3.5787, 1.0236 -1.624 3.5827, 1.1377 -1.624 3.4951, 1.1259 -1.624 3.5236, 1.1071 -1.624 3.5481, 1.1259 -1.624 3.4055, 1.1377 -1.624 3.434, 1.1417 -1.624 3.4646, 1.0827 -1.624 3.3623, 1.1071 -1.624 3.3811, 1.0236 -1.4665 2.1772, 1.0644 -1.5846 2.1718, 1.0644 -1.4665 2.1718, 1.1024 -1.5846 2.1561, 1.1024 -1.4665 2.1561, 1.135 -1.5846 2.131, 1.135 -1.4665 2.131, 1.16 -1.5846 2.0984, 1.16 -1.4665 2.0984, 1.1757 -1.5846 2.0604, 1.1757 -1.4665 2.0604, 1.1811 -1.5846 2.0197, 1.1811 -1.4665 2.0197, 1.1757 -1.5846 1.9789, 1.1757 -1.4665 1.9789, 1.16 -1.5846 1.9409, 1.16 -1.4665 1.9409, 1.135 -1.5846 1.9083, 1.135 -1.4665 1.9083, 1.1024 -1.5846 1.8833, 1.1024 -1.4665 1.8833, 1.0644 -1.5846 1.8676, 1.0644 -1.4665 1.8676, 1.0236 -1.5846 1.8622, 1.0236 -1.4665 1.8622, 0.9829 -1.5846 1.8676, 0.9829 -1.4665 1.8676, 0.9449 -1.5846 1.8833, 0.9449 -1.4665 1.8833, 0.9123 -1.5846 1.9083, 0.9123 -1.4665 1.9083, 0.8872 -1.5846 1.9409, 0.8872 -1.4665 1.9409, 0.8715 -1.5846 1.9789, 0.8715 -1.4665 1.9789, 0.8661 -1.5846 2.0197, 0.8661 -1.4665 2.0197, 0.8715 -1.5846 2.0604, 0.8715 -1.4665 2.0604, 0.8872 -1.5846 2.0984, 0.8872 -1.4665 2.0984, 0.9123 -1.5846 2.131, 0.9123 -1.4665 2.131, 0.9449 -1.5846 2.1561, 0.9449 -1.4665 2.1561, 0.9829 -1.5846 2.1718, 0.9829 -1.4665 2.1718, 1.0236 -1.5846 2.1772, 0.9646 -1.624 1.9174, 0.9931 -1.624 1.9056, 1.0236 -1.624 2.0197, 1.0236 -1.624 1.9016, 1.0542 -1.624 1.9056, 0.9095 -1.624 1.9891, 0.9213 -1.624 1.9606, 0.9401 -1.624 1.9362, 0.9213 -1.624 2.0787, 0.9095 -1.624 2.0503, 0.9055 -1.624 2.0197, 0.9931 -1.624 2.1338, 0.9646 -1.624 2.122, 0.9401 -1.624 2.1032, 1.0827 -1.624 2.122, 1.0542 -1.624 2.1338, 1.0236 -1.624 2.1378, 1.1377 -1.624 2.0503, 1.1259 -1.624 2.0787, 1.1071 -1.624 2.1032, 1.1259 -1.624 1.9606, 1.1377 -1.624 1.9891, 1.1417 -1.624 2.0197, 1.0827 -1.624 1.9174, 1.1071 -1.624 1.9362, -0.9904 -1.6227 1.8958, -0.9595 -1.6227 1.9086, -0.9329 -1.6227 1.929, -0.9125 -1.6227 1.9555, -0.8997 -1.6227 1.9865, -0.8953 -1.6227 2.0197, -0.8997 -1.6227 2.0529, -0.9125 -1.6227 2.0838, -0.9329 -1.6227 2.1104, -0.9595 -1.6227 2.1308, -0.9904 -1.6227 2.1436, -1.0236 -1.6227 2.148, -1.0568 -1.6227 2.1436, -1.0878 -1.6227 2.1308, -1.1143 -1.6227 2.1104, -1.1347 -1.6227 2.0838, -1.1476 -1.6227 2.0529, -1.1519 -1.6227 2.0197, -1.1476 -1.6227 1.9865, -1.1347 -1.6227 1.9555, -1.1143 -1.6227 1.929, -1.0878 -1.6227 1.9086, -1.0568 -1.6227 1.8958, -1.0236 -1.6227 1.8914, -0.988 -1.6187 1.8866, -0.9547 -1.6187 1.9004, -0.9262 -1.6187 1.9223, -0.9043 -1.6187 1.9508, -0.8905 -1.6187 1.984, -0.8858 -1.6187 2.0197, -0.8905 -1.6187 2.0554, -0.9043 -1.6187 2.0886, -0.9262 -1.6187 2.1171, -0.9547 -1.6187 2.139, -0.988 -1.6187 2.1528, -1.0236 -1.6187 2.1575, -1.0593 -1.6187 2.1528, -1.0925 -1.6187 2.139, -1.1211 -1.6187 2.1171, -1.143 -1.6187 2.0886, -1.1567 -1.6187 2.0554, -1.1614 -1.6187 2.0197, -1.1567 -1.6187 1.984, -1.143 -1.6187 1.9508, -1.1211 -1.6187 1.9223, -1.0925 -1.6187 1.9004, -1.0593 -1.6187 1.8866, -1.0236 -1.6187 1.8819, -0.9858 -1.6125 1.8787, -0.9506 -1.6125 1.8933, -0.9204 -1.6125 1.9165, -0.8972 -1.6125 1.9467, -0.8826 -1.6125 1.9819, -0.8777 -1.6125 2.0197, -0.8826 -1.6125 2.0575, -0.8972 -1.6125 2.0927, -0.9204 -1.6125 2.1229, -0.9506 -1.6125 2.1461, -0.9858 -1.6125 2.1607, -1.0236 -1.6125 2.1656, -1.0614 -1.6125 2.1607, -1.0966 -1.6125 2.1461, -1.1268 -1.6125 2.1229, -1.15 -1.6125 2.0927, -1.1646 -1.6125 2.0575, -1.1696 -1.6125 2.0197, -1.1646 -1.6125 1.9819, -1.15 -1.6125 1.9467, -1.1268 -1.6125 1.9165, -1.0966 -1.6125 1.8933, -1.0614 -1.6125 1.8787, -1.0236 -1.6125 1.8737, -0.9842 -1.6043 1.8727, -0.9475 -1.6043 1.8879, -0.916 -1.6043 1.9121, -0.8918 -1.6043 1.9436, -0.8766 -1.6043 1.9803, -0.8714 -1.6043 2.0197, -0.8766 -1.6043 2.0591, -0.8918 -1.6043 2.0958, -0.916 -1.6043 2.1273, -0.9475 -1.6043 2.1515, -0.9842 -1.6043 2.1667, -1.0236 -1.6043 2.1719, -1.063 -1.6043 2.1667, -1.0997 -1.6043 2.1515, -1.1312 -1.6043 2.1273, -1.1554 -1.6043 2.0958, -1.1706 -1.6043 2.0591, -1.1758 -1.6043 2.0197, -1.1706 -1.6043 1.9803, -1.1554 -1.6043 1.9436, -1.1312 -1.6043 1.9121, -1.0997 -1.6043 1.8879, -1.063 -1.6043 1.8727, -1.0236 -1.6043 1.8675, -0.9832 -1.5948 1.8689, -0.9456 -1.5948 1.8845, -0.9132 -1.5948 1.9093, -0.8884 -1.5948 1.9416, -0.8728 -1.5948 1.9793, -0.8675 -1.5948 2.0197, -0.8728 -1.5948 2.0601, -0.8884 -1.5948 2.0978, -0.9132 -1.5948 2.1301, -0.9456 -1.5948 2.1549, -0.9832 -1.5948 2.1705, -1.0236 -1.5948 2.1758, -1.064 -1.5948 2.1705, -1.1017 -1.5948 2.1549, -1.134 -1.5948 2.1301, -1.1588 -1.5948 2.0978, -1.1744 -1.5948 2.0601, -1.1798 -1.5948 2.0197, -1.1744 -1.5948 1.9793, -1.1588 -1.5948 1.9416, -1.134 -1.5948 1.9093, -1.1017 -1.5948 1.8845, -1.064 -1.5948 1.8689, -1.0236 -1.5948 1.8635, 1.0568 -1.6227 1.8958, 1.0878 -1.6227 1.9086, 1.1143 -1.6227 1.929, 1.1347 -1.6227 1.9555, 1.1476 -1.6227 1.9865, 1.1519 -1.6227 2.0197, 1.1476 -1.6227 2.0529, 1.1347 -1.6227 2.0838, 1.1143 -1.6227 2.1104, 1.0878 -1.6227 2.1308, 1.0568 -1.6227 2.1436, 1.0236 -1.6227 2.148, 0.9904 -1.6227 2.1436, 0.9595 -1.6227 2.1308, 0.9329 -1.6227 2.1104, 0.9125 -1.6227 2.0838, 0.8997 -1.6227 2.0529, 0.8953 -1.6227 2.0197, 0.8997 -1.6227 1.9865, 0.9125 -1.6227 1.9555, 0.9329 -1.6227 1.929, 0.9595 -1.6227 1.9086, 0.9904 -1.6227 1.8958, 1.0236 -1.6227 1.8914, 1.0593 -1.6187 1.8866, 1.0925 -1.6187 1.9004, 1.1211 -1.6187 1.9223, 1.143 -1.6187 1.9508, 1.1567 -1.6187 1.984, 1.1614 -1.6187 2.0197, 1.1567 -1.6187 2.0554, 1.143 -1.6187 2.0886, 1.1211 -1.6187 2.1171, 1.0925 -1.6187 2.139, 1.0593 -1.6187 2.1528, 1.0236 -1.6187 2.1575, 0.988 -1.6187 2.1528, 0.9547 -1.6187 2.139, 0.9262 -1.6187 2.1171, 0.9043 -1.6187 2.0886, 0.8905 -1.6187 2.0554, 0.8858 -1.6187 2.0197, 0.8905 -1.6187 1.984, 0.9043 -1.6187 1.9508, 0.9262 -1.6187 1.9223, 0.9547 -1.6187 1.9004, 0.988 -1.6187 1.8866, 1.0236 -1.6187 1.8819, 1.0614 -1.6125 1.8787, 1.0966 -1.6125 1.8933, 1.1268 -1.6125 1.9165, 1.15 -1.6125 1.9467, 1.1646 -1.6125 1.9819, 1.1696 -1.6125 2.0197, 1.1646 -1.6125 2.0575, 1.15 -1.6125 2.0927, 1.1268 -1.6125 2.1229, 1.0966 -1.6125 2.1461, 1.0614 -1.6125 2.1607, 1.0236 -1.6125 2.1656, 0.9858 -1.6125 2.1607, 0.9506 -1.6125 2.1461, 0.9204 -1.6125 2.1229, 0.8972 -1.6125 2.0927, 0.8826 -1.6125 2.0575, 0.8777 -1.6125 2.0197, 0.8826 -1.6125 1.9819, 0.8972 -1.6125 1.9467, 0.9204 -1.6125 1.9165, 0.9506 -1.6125 1.8933, 0.9858 -1.6125 1.8787, 1.0236 -1.6125 1.8737, 1.063 -1.6043 1.8727, 1.0997 -1.6043 1.8879, 1.1312 -1.6043 1.9121, 1.1554 -1.6043 1.9436, 1.1706 -1.6043 1.9803, 1.1758 -1.6043 2.0197, 1.1706 -1.6043 2.0591, 1.1554 -1.6043 2.0958, 1.1312 -1.6043 2.1273, 1.0997 -1.6043 2.1515, 1.063 -1.6043 2.1667, 1.0236 -1.6043 2.1719, 0.9842 -1.6043 2.1667, 0.9475 -1.6043 2.1515, 0.916 -1.6043 2.1273, 0.8918 -1.6043 2.0958, 0.8766 -1.6043 2.0591, 0.8714 -1.6043 2.0197, 0.8766 -1.6043 1.9803, 0.8918 -1.6043 1.9436, 0.916 -1.6043 1.9121, 0.9475 -1.6043 1.8879, 0.9842 -1.6043 1.8727, 1.0236 -1.6043 1.8675, 1.064 -1.5948 1.8689, 1.1017 -1.5948 1.8845, 1.134 -1.5948 1.9093, 1.1588 -1.5948 1.9416, 1.1744 -1.5948 1.9793, 1.1798 -1.5948 2.0197, 1.1744 -1.5948 2.0601, 1.1588 -1.5948 2.0978, 1.134 -1.5948 2.1301, 1.1017 -1.5948 2.1549, 1.064 -1.5948 2.1705, 1.0236 -1.5948 2.1758, 0.9832 -1.5948 2.1705, 0.9456 -1.5948 2.1549, 0.9132 -1.5948 2.1301, 0.8884 -1.5948 2.0978, 0.8728 -1.5948 2.0601, 0.8675 -1.5948 2.0197, 0.8728 -1.5948 1.9793, 0.8884 -1.5948 1.9416, 0.9132 -1.5948 1.9093, 0.9456 -1.5948 1.8845, 0.9832 -1.5948 1.8689, 1.0236 -1.5948 1.8635, 1.0568 -1.6227 3.3406, 1.0878 -1.6227 3.3535, 1.1143 -1.6227 3.3738, 1.1347 -1.6227 3.4004, 1.1476 -1.6227 3.4314, 1.1519 -1.6227 3.4646, 1.1476 -1.6227 3.4978, 1.1347 -1.6227 3.5287, 1.1143 -1.6227 3.5553, 1.0878 -1.6227 3.5757, 1.0568 -1.6227 3.5885, 1.0236 -1.6227 3.5929, 0.9904 -1.6227 3.5885, 0.9595 -1.6227 3.5757, 0.9329 -1.6227 3.5553, 0.9125 -1.6227 3.5287, 0.8997 -1.6227 3.4978, 0.8953 -1.6227 3.4646, 0.8997 -1.6227 3.4314, 0.9125 -1.6227 3.4004, 0.9329 -1.6227 3.3738, 0.9595 -1.6227 3.3535, 0.9904 -1.6227 3.3406, 1.0236 -1.6227 3.3363, 1.0593 -1.6187 3.3315, 1.0925 -1.6187 3.3452, 1.1211 -1.6187 3.3671, 1.143 -1.6187 3.3957, 1.1567 -1.6187 3.4289, 1.1614 -1.6187 3.4646, 1.1567 -1.6187 3.5002, 1.143 -1.6187 3.5335, 1.1211 -1.6187 3.562, 1.0925 -1.6187 3.5839, 1.0593 -1.6187 3.5977, 1.0236 -1.6187 3.6024, 0.988 -1.6187 3.5977, 0.9547 -1.6187 3.5839, 0.9262 -1.6187 3.562, 0.9043 -1.6187 3.5335, 0.8905 -1.6187 3.5002, 0.8858 -1.6187 3.4646, 0.8905 -1.6187 3.4289, 0.9043 -1.6187 3.3957, 0.9262 -1.6187 3.3671, 0.9547 -1.6187 3.3452, 0.988 -1.6187 3.3315, 1.0236 -1.6187 3.3268, 1.0614 -1.6125 3.3236, 1.0966 -1.6125 3.3382, 1.1268 -1.6125 3.3614, 1.15 -1.6125 3.3916, 1.1646 -1.6125 3.4268, 1.1696 -1.6125 3.4646, 1.1646 -1.6125 3.5023, 1.15 -1.6125 3.5375, 1.1268 -1.6125 3.5678, 1.0966 -1.6125 3.591, 1.0614 -1.6125 3.6055, 1.0236 -1.6125 3.6105, 0.9858 -1.6125 3.6055, 0.9506 -1.6125 3.591, 0.9204 -1.6125 3.5678, 0.8972 -1.6125 3.5375, 0.8826 -1.6125 3.5023, 0.8777 -1.6125 3.4646, 0.8826 -1.6125 3.4268, 0.8972 -1.6125 3.3916, 0.9204 -1.6125 3.3614, 0.9506 -1.6125 3.3382, 0.9858 -1.6125 3.3236, 1.0236 -1.6125 3.3186, 1.063 -1.6043 3.3175, 1.0997 -1.6043 3.3328, 1.1312 -1.6043 3.3569, 1.1554 -1.6043 3.3885, 1.1706 -1.6043 3.4252, 1.1758 -1.6043 3.4646, 1.1706 -1.6043 3.504, 1.1554 -1.6043 3.5407, 1.1312 -1.6043 3.5722, 1.0997 -1.6043 3.5964, 1.063 -1.6043 3.6116, 1.0236 -1.6043 3.6168, 0.9842 -1.6043 3.6116, 0.9475 -1.6043 3.5964, 0.916 -1.6043 3.5722, 0.8918 -1.6043 3.5407, 0.8766 -1.6043 3.504, 0.8714 -1.6043 3.4646, 0.8766 -1.6043 3.4252, 0.8918 -1.6043 3.3885, 0.916 -1.6043 3.3569, 0.9475 -1.6043 3.3328, 0.9842 -1.6043 3.3175, 1.0236 -1.6043 3.3124, 1.064 -1.5948 3.3138, 1.1017 -1.5948 3.3293, 1.134 -1.5948 3.3542, 1.1588 -1.5948 3.3865, 1.1744 -1.5948 3.4242, 1.1798 -1.5948 3.4646, 1.1744 -1.5948 3.505, 1.1588 -1.5948 3.5426, 1.134 -1.5948 3.575, 1.1017 -1.5948 3.5998, 1.064 -1.5948 3.6154, 1.0236 -1.5948 3.6207, 0.9832 -1.5948 3.6154, 0.9456 -1.5948 3.5998, 0.9132 -1.5948 3.575, 0.8884 -1.5948 3.5426, 0.8728 -1.5948 3.505, 0.8675 -1.5948 3.4646, 0.8728 -1.5948 3.4242, 0.8884 -1.5948 3.3865, 0.9132 -1.5948 3.3542, 0.9456 -1.5948 3.3293, 0.9832 -1.5948 3.3138, 1.0236 -1.5948 3.3084, -0.9904 -1.6227 3.3406, -0.9595 -1.6227 3.3535, -0.9329 -1.6227 3.3738, -0.9125 -1.6227 3.4004, -0.8997 -1.6227 3.4314, -0.8953 -1.6227 3.4646, -0.8997 -1.6227 3.4978, -0.9125 -1.6227 3.5287, -0.9329 -1.6227 3.5553, -0.9595 -1.6227 3.5757, -0.9904 -1.6227 3.5885, -1.0236 -1.6227 3.5929, -1.0568 -1.6227 3.5885, -1.0878 -1.6227 3.5757, -1.1143 -1.6227 3.5553, -1.1347 -1.6227 3.5287, -1.1476 -1.6227 3.4978, -1.1519 -1.6227 3.4646, -1.1476 -1.6227 3.4314, -1.1347 -1.6227 3.4004, -1.1143 -1.6227 3.3738, -1.0878 -1.6227 3.3535, -1.0568 -1.6227 3.3406, -1.0236 -1.6227 3.3363, -0.988 -1.6187 3.3315, -0.9547 -1.6187 3.3452, -0.9262 -1.6187 3.3671, -0.9043 -1.6187 3.3957, -0.8905 -1.6187 3.4289, -0.8858 -1.6187 3.4646, -0.8905 -1.6187 3.5002, -0.9043 -1.6187 3.5335, -0.9262 -1.6187 3.562, -0.9547 -1.6187 3.5839, -0.988 -1.6187 3.5977, -1.0236 -1.6187 3.6024, -1.0593 -1.6187 3.5977, -1.0925 -1.6187 3.5839, -1.1211 -1.6187 3.562, -1.143 -1.6187 3.5335, -1.1567 -1.6187 3.5002, -1.1614 -1.6187 3.4646, -1.1567 -1.6187 3.4289, -1.143 -1.6187 3.3957, -1.1211 -1.6187 3.3671, -1.0925 -1.6187 3.3452, -1.0593 -1.6187 3.3315, -1.0236 -1.6187 3.3268, -0.9858 -1.6125 3.3236, -0.9506 -1.6125 3.3382, -0.9204 -1.6125 3.3614, -0.8972 -1.6125 3.3916, -0.8826 -1.6125 3.4268, -0.8777 -1.6125 3.4646, -0.8826 -1.6125 3.5023, -0.8972 -1.6125 3.5375, -0.9204 -1.6125 3.5678, -0.9506 -1.6125 3.591, -0.9858 -1.6125 3.6055, -1.0236 -1.6125 3.6105, -1.0614 -1.6125 3.6055, -1.0966 -1.6125 3.591, -1.1268 -1.6125 3.5678, -1.15 -1.6125 3.5375, -1.1646 -1.6125 3.5023, -1.1696 -1.6125 3.4646, -1.1646 -1.6125 3.4268, -1.15 -1.6125 3.3916, -1.1268 -1.6125 3.3614, -1.0966 -1.6125 3.3382, -1.0614 -1.6125 3.3236, -1.0236 -1.6125 3.3186, -0.9842 -1.6043 3.3175, -0.9475 -1.6043 3.3328, -0.916 -1.6043 3.3569, -0.8918 -1.6043 3.3885, -0.8766 -1.6043 3.4252, -0.8714 -1.6043 3.4646, -0.8766 -1.6043 3.504, -0.8918 -1.6043 3.5407, -0.916 -1.6043 3.5722, -0.9475 -1.6043 3.5964, -0.9842 -1.6043 3.6116, -1.0236 -1.6043 3.6168, -1.063 -1.6043 3.6116, -1.0997 -1.6043 3.5964, -1.1312 -1.6043 3.5722, -1.1554 -1.6043 3.5407, -1.1706 -1.6043 3.504, -1.1758 -1.6043 3.4646, -1.1706 -1.6043 3.4252, -1.1554 -1.6043 3.3885, -1.1312 -1.6043 3.3569, -1.0997 -1.6043 3.3328, -1.063 -1.6043 3.3175, -1.0236 -1.6043 3.3124, -0.9832 -1.5948 3.3138, -0.9456 -1.5948 3.3293, -0.9132 -1.5948 3.3542, -0.8884 -1.5948 3.3865, -0.8728 -1.5948 3.4242, -0.8675 -1.5948 3.4646, -0.8728 -1.5948 3.505, -0.8884 -1.5948 3.5426, -0.9132 -1.5948 3.575, -0.9456 -1.5948 3.5998, -0.9832 -1.5948 3.6154, -1.0236 -1.5948 3.6207, -1.064 -1.5948 3.6154, -1.1017 -1.5948 3.5998, -1.134 -1.5948 3.575, -1.1588 -1.5948 3.5426, -1.1744 -1.5948 3.505, -1.1798 -1.5948 3.4646, -1.1744 -1.5948 3.4242, -1.1588 -1.5948 3.3865, -1.134 -1.5948 3.3542, -1.1017 -1.5948 3.3293, -1.064 -1.5948 3.3138, -1.0236 -1.5948 3.3084
            ]
        }
        coordIndex [
            0,1,2,-1,2,1,3,-1,4,5,2,-1,5,6,2,-1,2,6,7,-1,2,7,8,-1,3,9,2,-1,2,9,10,-1,2,10,11,-1,12,13,7,-1,7,13,14,-1,7,14,8,-1,11,15,2,-1,2,15,16,-1,2,16,4,-1,17,18,19,-1,19,18,20,-1,19,20,21,-1,21,20,22,-1,21,22,23,-1,23,22,24,-1,25,26,27,-1,28,29,30,-1,31,32,33,-1,34,35,36,-1,37,38,39,-1,37,39,40,-1,36,35,37,-1,37,35,41,-1,37,41,38,-1,34,36,42,-1,42,36,43,-1,42,43,44,-1,44,43,45,-1,45,43,46,-1,45,46,47,-1,33,32,46,-1,46,32,48,-1,46,48,47,-1,31,33,49,-1,49,33,50,-1,49,50,51,-1,51,50,52,-1,52,50,53,-1,52,53,54,-1,30,29,53,-1,53,29,55,-1,53,55,54,-1,28,30,56,-1,56,30,57,-1,56,57,58,-1,58,57,59,-1,59,57,60,-1,59,60,61,-1,27,26,60,-1,60,26,62,-1,60,62,61,-1,25,27,63,-1,63,27,64,-1,63,64,65,-1,65,64,66,-1,66,64,67,-1,66,67,68,-1,69,70,71,-1,69,71,72,-1,71,73,72,-1,72,73,74,-1,72,74,67,-1,67,74,75,-1,67,75,68,-1,70,69,76,-1,76,69,77,-1,76,77,78,-1,79,80,81,-1,79,81,82,-1,81,83,82,-1,82,83,84,-1,82,84,77,-1,77,84,85,-1,77,85,78,-1,80,79,86,-1,86,79,87,-1,86,87,88,-1,89,90,91,-1,91,90,92,-1,91,92,87,-1,87,92,93,-1,87,93,88,-1,89,91,94,-1,94,91,95,-1,94,95,96,-1,96,95,97,-1,96,97,98,-1,99,100,101,-1,101,100,102,-1,101,102,97,-1,97,102,103,-1,97,103,98,-1,99,101,104,-1,104,101,105,-1,104,105,106,-1,106,105,107,-1,106,107,108,-1,109,110,107,-1,107,110,111,-1,107,111,108,-1,39,112,40,-1,40,112,113,-1,40,113,114,-1,114,113,115,-1,114,115,109,-1,109,115,116,-1,109,116,110,-1,117,118,119,-1,120,121,119,-1,119,121,122,-1,119,122,117,-1,123,124,119,-1,119,124,125,-1,119,125,120,-1,126,127,119,-1,119,127,128,-1,119,128,123,-1,129,130,119,-1,119,130,131,-1,119,131,126,-1,132,133,119,-1,119,133,134,-1,119,134,129,-1,135,136,119,-1,119,136,137,-1,119,137,132,-1,138,139,119,-1,119,139,140,-1,119,140,135,-1,141,142,119,-1,119,142,143,-1,119,143,138,-1,144,145,119,-1,119,145,146,-1,119,146,141,-1,147,148,119,-1,119,148,149,-1,119,149,144,-1,150,151,119,-1,119,151,152,-1,119,152,147,-1,118,153,119,-1,119,153,154,-1,119,154,150,-1,155,156,157,-1,158,159,160,-1,161,162,163,-1,164,165,166,-1,164,166,167,-1,163,162,164,-1,164,162,168,-1,164,168,165,-1,161,163,169,-1,169,163,170,-1,169,170,171,-1,171,170,172,-1,172,170,173,-1,172,173,174,-1,175,176,177,-1,175,177,178,-1,178,177,179,-1,178,179,180,-1,180,179,181,-1,180,181,173,-1,173,181,182,-1,173,182,174,-1,176,175,183,-1,183,175,184,-1,183,184,185,-1,160,159,184,-1,184,159,186,-1,184,186,185,-1,158,160,187,-1,187,160,188,-1,187,188,189,-1,189,188,190,-1,190,188,191,-1,190,191,192,-1,157,156,191,-1,191,156,193,-1,191,193,192,-1,155,157,194,-1,194,157,195,-1,194,195,196,-1,196,195,197,-1,197,195,198,-1,197,198,199,-1,200,201,202,-1,200,202,203,-1,202,204,203,-1,203,204,205,-1,203,205,198,-1,198,205,206,-1,198,206,199,-1,201,200,207,-1,207,200,208,-1,207,208,209,-1,210,211,212,-1,212,213,210,-1,210,213,214,-1,210,214,208,-1,208,214,215,-1,208,215,209,-1,216,217,218,-1,218,217,219,-1,218,219,211,-1,211,219,220,-1,211,220,212,-1,216,218,221,-1,221,218,222,-1,221,222,223,-1,223,222,224,-1,224,222,225,-1,224,225,226,-1,226,225,227,-1,226,227,228,-1,228,227,229,-1,228,229,230,-1,231,232,233,-1,233,232,234,-1,233,234,229,-1,229,234,235,-1,229,235,230,-1,231,233,236,-1,236,233,237,-1,236,237,238,-1,238,237,239,-1,238,239,240,-1,241,242,239,-1,239,242,243,-1,239,243,240,-1,166,244,167,-1,167,244,245,-1,167,245,246,-1,246,245,247,-1,246,247,241,-1,241,247,248,-1,241,248,242,-1,249,250,251,-1,252,253,251,-1,251,253,254,-1,251,254,249,-1,255,256,251,-1,251,256,257,-1,251,257,252,-1,258,259,251,-1,251,259,260,-1,251,260,255,-1,261,262,251,-1,251,262,263,-1,251,263,258,-1,264,265,251,-1,251,265,266,-1,251,266,261,-1,267,268,251,-1,251,268,269,-1,251,269,264,-1,270,271,251,-1,251,271,272,-1,251,272,267,-1,273,274,251,-1,251,274,275,-1,251,275,270,-1,276,277,251,-1,251,277,278,-1,251,278,273,-1,279,280,251,-1,251,280,281,-1,251,281,276,-1,282,283,251,-1,251,283,284,-1,251,284,279,-1,250,285,251,-1,251,285,286,-1,251,286,282,-1,244,166,287,-1,162,161,288,-1,171,172,289,-1,181,179,290,-1,176,183,291,-1,159,158,292,-1,189,190,293,-1,156,155,294,-1,196,197,295,-1,199,206,296,-1,205,204,297,-1,201,207,298,-1,209,215,299,-1,220,219,300,-1,217,216,301,-1,226,228,302,-1,230,235,303,-1,236,238,304,-1,240,243,305,-1,254,253,306,-1,306,253,307,-1,306,307,308,-1,308,307,309,-1,308,309,310,-1,310,309,311,-1,310,311,312,-1,312,311,313,-1,312,313,314,-1,314,313,305,-1,256,255,315,-1,315,255,316,-1,315,316,317,-1,317,316,318,-1,317,318,319,-1,319,318,320,-1,319,320,321,-1,321,320,322,-1,321,322,323,-1,323,322,303,-1,258,263,324,-1,324,263,325,-1,324,325,326,-1,326,325,327,-1,326,327,328,-1,328,327,329,-1,328,329,330,-1,330,329,331,-1,330,331,332,-1,332,331,301,-1,266,265,333,-1,333,265,334,-1,333,334,335,-1,335,334,336,-1,335,336,337,-1,337,336,338,-1,337,338,339,-1,339,338,340,-1,339,340,341,-1,341,340,299,-1,275,274,342,-1,342,274,343,-1,342,343,344,-1,344,343,345,-1,344,345,346,-1,346,345,347,-1,346,347,348,-1,348,347,349,-1,348,349,350,-1,350,349,293,-1,277,276,351,-1,351,276,352,-1,351,352,353,-1,353,352,354,-1,353,354,355,-1,355,354,356,-1,355,356,357,-1,357,356,358,-1,357,358,359,-1,359,358,291,-1,279,284,360,-1,360,284,361,-1,360,361,362,-1,362,361,363,-1,362,363,364,-1,364,363,365,-1,364,365,366,-1,366,365,367,-1,366,367,368,-1,368,367,289,-1,286,285,369,-1,369,285,370,-1,369,370,371,-1,371,370,372,-1,371,372,373,-1,373,372,374,-1,373,374,375,-1,375,374,376,-1,375,376,377,-1,377,376,287,-1,249,254,378,-1,378,254,306,-1,378,306,379,-1,379,306,308,-1,379,308,380,-1,380,308,310,-1,380,310,381,-1,381,310,312,-1,381,312,382,-1,382,312,314,-1,382,314,247,-1,247,314,248,-1,305,243,314,-1,314,243,242,-1,314,242,248,-1,238,240,304,-1,304,240,305,-1,304,305,383,-1,383,305,313,-1,383,313,384,-1,384,313,311,-1,384,311,385,-1,385,311,309,-1,385,309,386,-1,386,309,307,-1,386,307,252,-1,252,307,253,-1,231,236,387,-1,387,236,304,-1,387,304,388,-1,388,304,383,-1,388,383,389,-1,389,383,384,-1,389,384,390,-1,390,384,385,-1,390,385,391,-1,391,385,386,-1,391,386,257,-1,257,386,252,-1,257,256,391,-1,391,256,315,-1,391,315,390,-1,390,315,317,-1,390,317,389,-1,389,317,319,-1,389,319,388,-1,388,319,321,-1,388,321,387,-1,387,321,323,-1,387,323,231,-1,231,323,232,-1,303,235,323,-1,323,235,234,-1,323,234,232,-1,228,230,302,-1,302,230,303,-1,302,303,392,-1,392,303,322,-1,392,322,393,-1,393,322,320,-1,393,320,394,-1,394,320,318,-1,394,318,395,-1,395,318,316,-1,395,316,260,-1,260,316,255,-1,224,226,396,-1,396,226,302,-1,396,302,397,-1,397,302,392,-1,397,392,398,-1,398,392,393,-1,398,393,399,-1,399,393,394,-1,399,394,400,-1,400,394,395,-1,400,395,259,-1,259,395,260,-1,259,258,400,-1,400,258,324,-1,400,324,399,-1,399,324,326,-1,399,326,398,-1,398,326,328,-1,398,328,397,-1,397,328,330,-1,397,330,396,-1,396,330,332,-1,396,332,224,-1,224,332,223,-1,301,216,332,-1,332,216,221,-1,332,221,223,-1,219,217,300,-1,300,217,301,-1,300,301,401,-1,401,301,331,-1,401,331,402,-1,402,331,329,-1,402,329,403,-1,403,329,327,-1,403,327,404,-1,404,327,325,-1,404,325,262,-1,262,325,263,-1,212,220,405,-1,405,220,300,-1,405,300,406,-1,406,300,401,-1,406,401,407,-1,407,401,402,-1,407,402,408,-1,408,402,403,-1,408,403,409,-1,409,403,404,-1,409,404,261,-1,261,404,262,-1,261,266,409,-1,409,266,333,-1,409,333,408,-1,408,333,335,-1,408,335,407,-1,407,335,337,-1,407,337,406,-1,406,337,339,-1,406,339,405,-1,405,339,341,-1,405,341,212,-1,212,341,213,-1,299,215,341,-1,341,215,214,-1,341,214,213,-1,207,209,298,-1,298,209,299,-1,298,299,410,-1,410,299,340,-1,410,340,411,-1,411,340,338,-1,411,338,412,-1,412,338,336,-1,412,336,413,-1,413,336,334,-1,413,334,264,-1,264,334,265,-1,202,201,414,-1,414,201,298,-1,414,298,415,-1,415,298,410,-1,415,410,416,-1,416,410,411,-1,416,411,417,-1,417,411,412,-1,417,412,418,-1,418,412,413,-1,418,413,269,-1,269,413,264,-1,269,268,418,-1,418,268,419,-1,418,419,417,-1,417,419,420,-1,417,420,416,-1,416,420,421,-1,416,421,415,-1,415,421,422,-1,415,422,414,-1,414,422,297,-1,414,297,202,-1,202,297,204,-1,206,205,296,-1,296,205,297,-1,296,297,423,-1,423,297,422,-1,423,422,424,-1,424,422,421,-1,424,421,425,-1,425,421,420,-1,425,420,426,-1,426,420,419,-1,426,419,267,-1,267,419,268,-1,197,199,295,-1,295,199,296,-1,295,296,427,-1,427,296,423,-1,427,423,428,-1,428,423,424,-1,428,424,429,-1,429,424,425,-1,429,425,430,-1,430,425,426,-1,430,426,272,-1,272,426,267,-1,194,196,431,-1,431,196,295,-1,431,295,432,-1,432,295,427,-1,432,427,433,-1,433,427,428,-1,433,428,434,-1,434,428,429,-1,434,429,435,-1,435,429,430,-1,435,430,271,-1,271,430,272,-1,271,270,435,-1,435,270,436,-1,435,436,434,-1,434,436,437,-1,434,437,433,-1,433,437,438,-1,433,438,432,-1,432,438,439,-1,432,439,431,-1,431,439,294,-1,431,294,194,-1,194,294,155,-1,193,156,350,-1,350,156,294,-1,350,294,348,-1,348,294,439,-1,348,439,346,-1,346,439,438,-1,346,438,344,-1,344,438,437,-1,344,437,342,-1,342,437,436,-1,342,436,275,-1,275,436,270,-1,293,190,350,-1,350,190,192,-1,350,192,193,-1,187,189,440,-1,440,189,293,-1,440,293,441,-1,441,293,349,-1,441,349,442,-1,442,349,347,-1,442,347,443,-1,443,347,345,-1,443,345,444,-1,444,345,343,-1,444,343,273,-1,273,343,274,-1,273,278,444,-1,444,278,445,-1,444,445,443,-1,443,445,446,-1,443,446,442,-1,442,446,447,-1,442,447,441,-1,441,447,448,-1,441,448,440,-1,440,448,292,-1,440,292,187,-1,187,292,158,-1,186,159,359,-1,359,159,292,-1,359,292,357,-1,357,292,448,-1,357,448,355,-1,355,448,447,-1,355,447,353,-1,353,447,446,-1,353,446,351,-1,351,446,445,-1,351,445,277,-1,277,445,278,-1,291,183,359,-1,359,183,185,-1,359,185,186,-1,177,176,449,-1,449,176,291,-1,449,291,450,-1,450,291,358,-1,450,358,451,-1,451,358,356,-1,451,356,452,-1,452,356,354,-1,452,354,453,-1,453,354,352,-1,453,352,281,-1,281,352,276,-1,281,280,453,-1,453,280,454,-1,453,454,452,-1,452,454,455,-1,452,455,451,-1,451,455,456,-1,451,456,450,-1,450,456,457,-1,450,457,449,-1,449,457,290,-1,449,290,177,-1,177,290,179,-1,182,181,368,-1,368,181,290,-1,368,290,366,-1,366,290,457,-1,366,457,364,-1,364,457,456,-1,364,456,362,-1,362,456,455,-1,362,455,360,-1,360,455,454,-1,360,454,279,-1,279,454,280,-1,289,172,368,-1,368,172,174,-1,368,174,182,-1,169,171,458,-1,458,171,289,-1,458,289,459,-1,459,289,367,-1,459,367,460,-1,460,367,365,-1,460,365,461,-1,461,365,363,-1,461,363,462,-1,462,363,361,-1,462,361,283,-1,283,361,284,-1,283,282,462,-1,462,282,463,-1,462,463,461,-1,461,463,464,-1,461,464,460,-1,460,464,465,-1,460,465,459,-1,459,465,466,-1,459,466,458,-1,458,466,288,-1,458,288,169,-1,169,288,161,-1,168,162,377,-1,377,162,288,-1,377,288,375,-1,375,288,466,-1,375,466,373,-1,373,466,465,-1,373,465,371,-1,371,465,464,-1,371,464,369,-1,369,464,463,-1,369,463,286,-1,286,463,282,-1,287,166,377,-1,377,166,165,-1,377,165,168,-1,245,244,467,-1,467,244,287,-1,467,287,468,-1,468,287,376,-1,468,376,469,-1,469,376,374,-1,469,374,470,-1,470,374,372,-1,470,372,471,-1,471,372,370,-1,471,370,250,-1,250,370,285,-1,250,249,471,-1,471,249,378,-1,471,378,470,-1,470,378,379,-1,470,379,469,-1,469,379,380,-1,469,380,468,-1,468,380,381,-1,468,381,467,-1,467,381,382,-1,467,382,245,-1,245,382,247,-1,112,39,472,-1,35,34,473,-1,44,45,474,-1,32,31,475,-1,51,52,476,-1,29,28,477,-1,58,59,478,-1,26,25,479,-1,65,66,480,-1,68,75,481,-1,74,73,482,-1,70,76,483,-1,78,85,484,-1,80,86,485,-1,88,93,486,-1,94,96,487,-1,98,103,488,-1,104,106,489,-1,108,111,490,-1,122,121,491,-1,491,121,492,-1,491,492,493,-1,493,492,494,-1,493,494,495,-1,495,494,496,-1,495,496,497,-1,497,496,498,-1,497,498,499,-1,499,498,490,-1,124,123,500,-1,500,123,501,-1,500,501,502,-1,502,501,503,-1,502,503,504,-1,504,503,505,-1,504,505,506,-1,506,505,507,-1,506,507,508,-1,508,507,488,-1,126,131,509,-1,509,131,510,-1,509,510,511,-1,511,510,512,-1,511,512,513,-1,513,512,514,-1,513,514,515,-1,515,514,516,-1,515,516,517,-1,517,516,486,-1,134,133,518,-1,518,133,519,-1,518,519,520,-1,520,519,521,-1,520,521,522,-1,522,521,523,-1,522,523,524,-1,524,523,525,-1,524,525,526,-1,526,525,484,-1,143,142,527,-1,527,142,528,-1,527,528,529,-1,529,528,530,-1,529,530,531,-1,531,530,532,-1,531,532,533,-1,533,532,534,-1,533,534,535,-1,535,534,478,-1,145,144,536,-1,536,144,537,-1,536,537,538,-1,538,537,539,-1,538,539,540,-1,540,539,541,-1,540,541,542,-1,542,541,543,-1,542,543,544,-1,544,543,476,-1,147,152,545,-1,545,152,546,-1,545,546,547,-1,547,546,548,-1,547,548,549,-1,549,548,550,-1,549,550,551,-1,551,550,552,-1,551,552,553,-1,553,552,474,-1,154,153,554,-1,554,153,555,-1,554,555,556,-1,556,555,557,-1,556,557,558,-1,558,557,559,-1,558,559,560,-1,560,559,561,-1,560,561,562,-1,562,561,472,-1,117,122,563,-1,563,122,491,-1,563,491,564,-1,564,491,493,-1,564,493,565,-1,565,493,495,-1,565,495,566,-1,566,495,497,-1,566,497,567,-1,567,497,499,-1,567,499,115,-1,115,499,116,-1,490,111,499,-1,499,111,110,-1,499,110,116,-1,106,108,489,-1,489,108,490,-1,489,490,568,-1,568,490,498,-1,568,498,569,-1,569,498,496,-1,569,496,570,-1,570,496,494,-1,570,494,571,-1,571,494,492,-1,571,492,120,-1,120,492,121,-1,99,104,572,-1,572,104,489,-1,572,489,573,-1,573,489,568,-1,573,568,574,-1,574,568,569,-1,574,569,575,-1,575,569,570,-1,575,570,576,-1,576,570,571,-1,576,571,125,-1,125,571,120,-1,125,124,576,-1,576,124,500,-1,576,500,575,-1,575,500,502,-1,575,502,574,-1,574,502,504,-1,574,504,573,-1,573,504,506,-1,573,506,572,-1,572,506,508,-1,572,508,99,-1,99,508,100,-1,488,103,508,-1,508,103,102,-1,508,102,100,-1,96,98,487,-1,487,98,488,-1,487,488,577,-1,577,488,507,-1,577,507,578,-1,578,507,505,-1,578,505,579,-1,579,505,503,-1,579,503,580,-1,580,503,501,-1,580,501,128,-1,128,501,123,-1,89,94,581,-1,581,94,487,-1,581,487,582,-1,582,487,577,-1,582,577,583,-1,583,577,578,-1,583,578,584,-1,584,578,579,-1,584,579,585,-1,585,579,580,-1,585,580,127,-1,127,580,128,-1,127,126,585,-1,585,126,509,-1,585,509,584,-1,584,509,511,-1,584,511,583,-1,583,511,513,-1,583,513,582,-1,582,513,515,-1,582,515,581,-1,581,515,517,-1,581,517,89,-1,89,517,90,-1,486,93,517,-1,517,93,92,-1,517,92,90,-1,86,88,485,-1,485,88,486,-1,485,486,586,-1,586,486,516,-1,586,516,587,-1,587,516,514,-1,587,514,588,-1,588,514,512,-1,588,512,589,-1,589,512,510,-1,589,510,130,-1,130,510,131,-1,81,80,590,-1,590,80,485,-1,590,485,591,-1,591,485,586,-1,591,586,592,-1,592,586,587,-1,592,587,593,-1,593,587,588,-1,593,588,594,-1,594,588,589,-1,594,589,129,-1,129,589,130,-1,129,134,594,-1,594,134,518,-1,594,518,593,-1,593,518,520,-1,593,520,592,-1,592,520,522,-1,592,522,591,-1,591,522,524,-1,591,524,590,-1,590,524,526,-1,590,526,81,-1,81,526,83,-1,484,85,526,-1,526,85,84,-1,526,84,83,-1,76,78,483,-1,483,78,484,-1,483,484,595,-1,595,484,525,-1,595,525,596,-1,596,525,523,-1,596,523,597,-1,597,523,521,-1,597,521,598,-1,598,521,519,-1,598,519,132,-1,132,519,133,-1,71,70,599,-1,599,70,483,-1,599,483,600,-1,600,483,595,-1,600,595,601,-1,601,595,596,-1,601,596,602,-1,602,596,597,-1,602,597,603,-1,603,597,598,-1,603,598,137,-1,137,598,132,-1,137,136,603,-1,603,136,604,-1,603,604,602,-1,602,604,605,-1,602,605,601,-1,601,605,606,-1,601,606,600,-1,600,606,607,-1,600,607,599,-1,599,607,482,-1,599,482,71,-1,71,482,73,-1,75,74,481,-1,481,74,482,-1,481,482,608,-1,608,482,607,-1,608,607,609,-1,609,607,606,-1,609,606,610,-1,610,606,605,-1,610,605,611,-1,611,605,604,-1,611,604,135,-1,135,604,136,-1,66,68,480,-1,480,68,481,-1,480,481,612,-1,612,481,608,-1,612,608,613,-1,613,608,609,-1,613,609,614,-1,614,609,610,-1,614,610,615,-1,615,610,611,-1,615,611,140,-1,140,611,135,-1,63,65,616,-1,616,65,480,-1,616,480,617,-1,617,480,612,-1,617,612,618,-1,618,612,613,-1,618,613,619,-1,619,613,614,-1,619,614,620,-1,620,614,615,-1,620,615,139,-1,139,615,140,-1,139,138,620,-1,620,138,621,-1,620,621,619,-1,619,621,622,-1,619,622,618,-1,618,622,623,-1,618,623,617,-1,617,623,624,-1,617,624,616,-1,616,624,479,-1,616,479,63,-1,63,479,25,-1,62,26,535,-1,535,26,479,-1,535,479,533,-1,533,479,624,-1,533,624,531,-1,531,624,623,-1,531,623,529,-1,529,623,622,-1,529,622,527,-1,527,622,621,-1,527,621,143,-1,143,621,138,-1,478,59,535,-1,535,59,61,-1,535,61,62,-1,56,58,625,-1,625,58,478,-1,625,478,626,-1,626,478,534,-1,626,534,627,-1,627,534,532,-1,627,532,628,-1,628,532,530,-1,628,530,629,-1,629,530,528,-1,629,528,141,-1,141,528,142,-1,141,146,629,-1,629,146,630,-1,629,630,628,-1,628,630,631,-1,628,631,627,-1,627,631,632,-1,627,632,626,-1,626,632,633,-1,626,633,625,-1,625,633,477,-1,625,477,56,-1,56,477,28,-1,55,29,544,-1,544,29,477,-1,544,477,542,-1,542,477,633,-1,542,633,540,-1,540,633,632,-1,540,632,538,-1,538,632,631,-1,538,631,536,-1,536,631,630,-1,536,630,145,-1,145,630,146,-1,476,52,544,-1,544,52,54,-1,544,54,55,-1,49,51,634,-1,634,51,476,-1,634,476,635,-1,635,476,543,-1,635,543,636,-1,636,543,541,-1,636,541,637,-1,637,541,539,-1,637,539,638,-1,638,539,537,-1,638,537,149,-1,149,537,144,-1,149,148,638,-1,638,148,639,-1,638,639,637,-1,637,639,640,-1,637,640,636,-1,636,640,641,-1,636,641,635,-1,635,641,642,-1,635,642,634,-1,634,642,475,-1,634,475,49,-1,49,475,31,-1,48,32,553,-1,553,32,475,-1,553,475,551,-1,551,475,642,-1,551,642,549,-1,549,642,641,-1,549,641,547,-1,547,641,640,-1,547,640,545,-1,545,640,639,-1,545,639,147,-1,147,639,148,-1,474,45,553,-1,553,45,47,-1,553,47,48,-1,42,44,643,-1,643,44,474,-1,643,474,644,-1,644,474,552,-1,644,552,645,-1,645,552,550,-1,645,550,646,-1,646,550,548,-1,646,548,647,-1,647,548,546,-1,647,546,151,-1,151,546,152,-1,151,150,647,-1,647,150,648,-1,647,648,646,-1,646,648,649,-1,646,649,645,-1,645,649,650,-1,645,650,644,-1,644,650,651,-1,644,651,643,-1,643,651,473,-1,643,473,42,-1,42,473,34,-1,41,35,562,-1,562,35,473,-1,562,473,560,-1,560,473,651,-1,560,651,558,-1,558,651,650,-1,558,650,556,-1,556,650,649,-1,556,649,554,-1,554,649,648,-1,554,648,154,-1,154,648,150,-1,472,39,562,-1,562,39,38,-1,562,38,41,-1,113,112,652,-1,652,112,472,-1,652,472,653,-1,653,472,561,-1,653,561,654,-1,654,561,559,-1,654,559,655,-1,655,559,557,-1,655,557,656,-1,656,557,555,-1,656,555,118,-1,118,555,153,-1,118,117,656,-1,656,117,563,-1,656,563,655,-1,655,563,564,-1,655,564,654,-1,654,564,565,-1,654,565,653,-1,653,565,566,-1,653,566,652,-1,652,566,567,-1,652,567,113,-1,113,567,115,-1,657,658,659,-1,659,658,660,-1,659,660,661,-1,661,660,662,-1,661,662,663,-1,663,662,664,-1,663,664,665,-1,665,664,666,-1,665,666,667,-1,667,666,668,-1,667,668,669,-1,669,668,670,-1,669,670,671,-1,671,670,672,-1,671,672,673,-1,673,672,674,-1,673,674,675,-1,675,674,676,-1,675,676,677,-1,677,676,678,-1,677,678,679,-1,679,678,680,-1,679,680,681,-1,681,680,682,-1,681,682,683,-1,683,682,684,-1,683,684,685,-1,685,684,686,-1,685,686,687,-1,686,688,687,-1,687,688,689,-1,687,689,690,-1,690,689,691,-1,690,691,692,-1,692,691,693,-1,692,693,694,-1,694,693,695,-1,694,695,696,-1,696,695,697,-1,696,697,698,-1,698,697,699,-1,698,699,700,-1,700,699,701,-1,700,701,702,-1,702,701,703,-1,702,703,704,-1,704,703,705,-1,704,705,657,-1,657,705,706,-1,657,706,658,-1,707,708,709,-1,709,708,710,-1,709,710,711,-1,712,713,709,-1,709,713,714,-1,709,714,707,-1,715,716,709,-1,709,716,717,-1,709,717,712,-1,718,719,709,-1,709,719,720,-1,709,720,715,-1,721,722,709,-1,709,722,723,-1,709,723,718,-1,724,725,709,-1,709,725,726,-1,709,726,721,-1,727,728,709,-1,709,728,729,-1,709,729,724,-1,711,730,709,-1,709,730,731,-1,709,731,727,-1,732,733,734,-1,734,733,735,-1,734,735,736,-1,736,735,737,-1,736,737,738,-1,738,737,739,-1,738,739,740,-1,740,739,741,-1,740,741,742,-1,742,741,743,-1,742,743,744,-1,744,743,745,-1,744,745,746,-1,746,745,747,-1,746,747,748,-1,748,747,749,-1,748,749,750,-1,750,749,751,-1,750,751,752,-1,752,751,753,-1,752,753,754,-1,754,753,755,-1,754,755,756,-1,756,755,757,-1,756,757,758,-1,758,757,759,-1,758,759,760,-1,760,759,761,-1,760,761,762,-1,762,761,763,-1,762,763,764,-1,764,763,765,-1,764,765,766,-1,766,765,767,-1,766,767,768,-1,768,767,769,-1,768,769,770,-1,770,769,771,-1,770,771,772,-1,772,771,773,-1,772,773,774,-1,774,773,775,-1,774,775,776,-1,776,775,777,-1,776,777,778,-1,778,777,779,-1,778,779,732,-1,732,779,733,-1,780,781,782,-1,782,781,783,-1,782,783,784,-1,785,786,782,-1,782,786,787,-1,782,787,780,-1,788,789,782,-1,782,789,790,-1,782,790,785,-1,791,792,782,-1,782,792,793,-1,782,793,788,-1,794,795,782,-1,782,795,796,-1,782,796,791,-1,797,798,782,-1,782,798,799,-1,782,799,794,-1,800,801,782,-1,782,801,802,-1,782,802,797,-1,784,803,782,-1,782,803,804,-1,782,804,800,-1,805,806,807,-1,807,806,808,-1,807,808,809,-1,809,808,810,-1,809,810,811,-1,811,810,812,-1,811,812,813,-1,813,812,814,-1,813,814,815,-1,815,814,816,-1,815,816,817,-1,817,816,818,-1,817,818,819,-1,819,818,820,-1,819,820,821,-1,821,820,822,-1,821,822,823,-1,823,822,824,-1,823,824,825,-1,825,824,826,-1,825,826,827,-1,827,826,828,-1,827,828,829,-1,829,828,830,-1,829,830,831,-1,831,830,832,-1,831,832,833,-1,833,832,834,-1,833,834,835,-1,834,836,835,-1,835,836,837,-1,835,837,838,-1,838,837,839,-1,838,839,840,-1,840,839,841,-1,840,841,842,-1,842,841,843,-1,842,843,844,-1,844,843,845,-1,844,845,846,-1,846,845,847,-1,846,847,848,-1,848,847,849,-1,848,849,850,-1,850,849,851,-1,850,851,852,-1,852,851,853,-1,852,853,805,-1,805,853,854,-1,805,854,806,-1,855,856,857,-1,857,856,858,-1,857,858,859,-1,860,861,857,-1,857,861,862,-1,857,862,855,-1,863,864,857,-1,857,864,865,-1,857,865,860,-1,866,867,857,-1,857,867,868,-1,857,868,863,-1,869,870,857,-1,857,870,871,-1,857,871,866,-1,872,873,857,-1,857,873,874,-1,857,874,869,-1,875,876,857,-1,857,876,877,-1,857,877,872,-1,859,878,857,-1,857,878,879,-1,857,879,875,-1,880,881,882,-1,882,881,883,-1,882,883,884,-1,884,883,885,-1,884,885,886,-1,886,885,887,-1,886,887,888,-1,888,887,889,-1,888,889,890,-1,890,889,891,-1,890,891,892,-1,892,891,893,-1,892,893,894,-1,894,893,895,-1,894,895,896,-1,896,895,897,-1,896,897,898,-1,898,897,899,-1,898,899,900,-1,900,899,901,-1,900,901,902,-1,902,901,903,-1,902,903,904,-1,904,903,905,-1,904,905,906,-1,906,905,907,-1,906,907,908,-1,908,907,909,-1,908,909,910,-1,910,909,911,-1,910,911,912,-1,912,911,913,-1,912,913,914,-1,914,913,915,-1,914,915,916,-1,916,915,917,-1,916,917,918,-1,918,917,919,-1,918,919,920,-1,920,919,921,-1,920,921,922,-1,922,921,923,-1,922,923,924,-1,924,923,925,-1,924,925,926,-1,926,925,927,-1,926,927,880,-1,880,927,881,-1,928,929,930,-1,930,929,931,-1,930,931,932,-1,933,934,930,-1,930,934,935,-1,930,935,928,-1,936,937,930,-1,930,937,938,-1,930,938,933,-1,939,940,930,-1,930,940,941,-1,930,941,936,-1,942,943,930,-1,930,943,944,-1,930,944,939,-1,945,946,930,-1,930,946,947,-1,930,947,942,-1,948,949,930,-1,930,949,950,-1,930,950,945,-1,932,951,930,-1,930,951,952,-1,930,952,948,-1,783,953,784,-1,784,953,954,-1,784,954,803,-1,803,954,955,-1,803,955,804,-1,804,955,956,-1,804,956,800,-1,800,956,957,-1,800,957,801,-1,801,957,958,-1,801,958,802,-1,802,958,959,-1,802,959,797,-1,797,959,960,-1,797,960,798,-1,798,960,961,-1,798,961,799,-1,799,961,962,-1,799,962,794,-1,794,962,963,-1,794,963,795,-1,795,963,964,-1,795,964,796,-1,796,964,965,-1,796,965,791,-1,791,965,966,-1,791,966,792,-1,792,966,967,-1,792,967,793,-1,793,967,968,-1,793,968,788,-1,788,968,969,-1,788,969,789,-1,789,969,970,-1,789,970,790,-1,790,970,971,-1,790,971,785,-1,785,971,972,-1,785,972,786,-1,786,972,973,-1,786,973,787,-1,787,973,974,-1,787,974,780,-1,780,974,975,-1,780,975,781,-1,781,975,976,-1,781,976,783,-1,783,976,953,-1,976,977,953,-1,953,977,978,-1,953,978,954,-1,954,978,979,-1,954,979,955,-1,955,979,980,-1,955,980,956,-1,956,980,981,-1,956,981,957,-1,957,981,982,-1,957,982,958,-1,958,982,983,-1,958,983,959,-1,959,983,984,-1,959,984,960,-1,960,984,985,-1,960,985,961,-1,961,985,986,-1,961,986,962,-1,962,986,987,-1,962,987,963,-1,963,987,988,-1,963,988,964,-1,964,988,989,-1,964,989,965,-1,965,989,990,-1,965,990,966,-1,966,990,991,-1,966,991,967,-1,967,991,992,-1,967,992,968,-1,968,992,993,-1,968,993,969,-1,969,993,994,-1,969,994,970,-1,970,994,995,-1,970,995,971,-1,971,995,996,-1,971,996,972,-1,972,996,997,-1,972,997,973,-1,973,997,998,-1,973,998,974,-1,974,998,999,-1,974,999,975,-1,975,999,1000,-1,975,1000,976,-1,976,1000,977,-1,1000,1001,977,-1,977,1001,1002,-1,977,1002,978,-1,978,1002,1003,-1,978,1003,979,-1,979,1003,1004,-1,979,1004,980,-1,980,1004,1005,-1,980,1005,981,-1,981,1005,1006,-1,981,1006,982,-1,982,1006,1007,-1,982,1007,983,-1,983,1007,1008,-1,983,1008,984,-1,984,1008,1009,-1,984,1009,985,-1,985,1009,1010,-1,985,1010,986,-1,986,1010,1011,-1,986,1011,987,-1,987,1011,1012,-1,987,1012,988,-1,988,1012,1013,-1,988,1013,989,-1,989,1013,1014,-1,989,1014,990,-1,990,1014,1015,-1,990,1015,991,-1,991,1015,1016,-1,991,1016,992,-1,992,1016,1017,-1,992,1017,993,-1,993,1017,1018,-1,993,1018,994,-1,994,1018,1019,-1,994,1019,995,-1,995,1019,1020,-1,995,1020,996,-1,996,1020,1021,-1,996,1021,997,-1,997,1021,1022,-1,997,1022,998,-1,998,1022,1023,-1,998,1023,999,-1,999,1023,1024,-1,999,1024,1000,-1,1000,1024,1001,-1,1024,1025,1001,-1,1001,1025,1026,-1,1001,1026,1002,-1,1002,1026,1027,-1,1002,1027,1003,-1,1003,1027,1028,-1,1003,1028,1004,-1,1004,1028,1029,-1,1004,1029,1005,-1,1005,1029,1030,-1,1005,1030,1006,-1,1006,1030,1031,-1,1006,1031,1007,-1,1007,1031,1032,-1,1007,1032,1008,-1,1008,1032,1033,-1,1008,1033,1009,-1,1009,1033,1034,-1,1009,1034,1010,-1,1010,1034,1035,-1,1010,1035,1011,-1,1011,1035,1036,-1,1011,1036,1012,-1,1012,1036,1037,-1,1012,1037,1013,-1,1013,1037,1038,-1,1013,1038,1014,-1,1014,1038,1039,-1,1014,1039,1015,-1,1015,1039,1040,-1,1015,1040,1016,-1,1016,1040,1041,-1,1016,1041,1017,-1,1017,1041,1042,-1,1017,1042,1018,-1,1018,1042,1043,-1,1018,1043,1019,-1,1019,1043,1044,-1,1019,1044,1020,-1,1020,1044,1045,-1,1020,1045,1021,-1,1021,1045,1046,-1,1021,1046,1022,-1,1022,1046,1047,-1,1022,1047,1023,-1,1023,1047,1048,-1,1023,1048,1024,-1,1024,1048,1025,-1,1048,1049,1025,-1,1025,1049,1050,-1,1025,1050,1026,-1,1026,1050,1051,-1,1026,1051,1027,-1,1027,1051,1052,-1,1027,1052,1028,-1,1028,1052,1053,-1,1028,1053,1029,-1,1029,1053,1054,-1,1029,1054,1030,-1,1030,1054,1055,-1,1030,1055,1031,-1,1031,1055,1056,-1,1031,1056,1032,-1,1032,1056,1057,-1,1032,1057,1033,-1,1033,1057,1058,-1,1033,1058,1034,-1,1034,1058,1059,-1,1034,1059,1035,-1,1035,1059,1060,-1,1035,1060,1036,-1,1036,1060,1061,-1,1036,1061,1037,-1,1037,1061,1062,-1,1037,1062,1038,-1,1038,1062,1063,-1,1038,1063,1039,-1,1039,1063,1064,-1,1039,1064,1040,-1,1040,1064,1065,-1,1040,1065,1041,-1,1041,1065,1066,-1,1041,1066,1042,-1,1042,1066,1067,-1,1042,1067,1043,-1,1043,1067,1068,-1,1043,1068,1044,-1,1044,1068,1069,-1,1044,1069,1045,-1,1045,1069,1070,-1,1045,1070,1046,-1,1046,1070,1071,-1,1046,1071,1047,-1,1047,1071,1072,-1,1047,1072,1048,-1,1048,1072,1049,-1,1072,753,1049,-1,1049,753,751,-1,1049,751,1050,-1,1050,751,749,-1,1050,749,1051,-1,1051,749,747,-1,1051,747,1052,-1,1052,747,745,-1,1052,745,1053,-1,1053,745,743,-1,1053,743,1054,-1,1054,743,741,-1,1054,741,1055,-1,1055,741,739,-1,1055,739,1056,-1,1056,739,737,-1,1056,737,1057,-1,1057,737,735,-1,1057,735,1058,-1,1058,735,733,-1,1058,733,1059,-1,1059,733,779,-1,1059,779,1060,-1,1060,779,777,-1,1060,777,1061,-1,1061,777,775,-1,1061,775,1062,-1,1062,775,773,-1,1062,773,1063,-1,1063,773,771,-1,1063,771,1064,-1,1064,771,769,-1,1064,769,1065,-1,1065,769,767,-1,1065,767,1066,-1,1066,767,765,-1,1066,765,1067,-1,1067,765,763,-1,1067,763,1068,-1,1068,763,761,-1,1068,761,1069,-1,1069,761,759,-1,1069,759,1070,-1,1070,759,757,-1,1070,757,1071,-1,1071,757,755,-1,1071,755,1072,-1,1072,755,753,-1,931,1073,932,-1,932,1073,1074,-1,932,1074,951,-1,951,1074,1075,-1,951,1075,952,-1,952,1075,1076,-1,952,1076,948,-1,948,1076,1077,-1,948,1077,949,-1,949,1077,1078,-1,949,1078,950,-1,950,1078,1079,-1,950,1079,945,-1,945,1079,1080,-1,945,1080,946,-1,946,1080,1081,-1,946,1081,947,-1,947,1081,1082,-1,947,1082,942,-1,942,1082,1083,-1,942,1083,943,-1,943,1083,1084,-1,943,1084,944,-1,944,1084,1085,-1,944,1085,939,-1,939,1085,1086,-1,939,1086,940,-1,940,1086,1087,-1,940,1087,941,-1,941,1087,1088,-1,941,1088,936,-1,936,1088,1089,-1,936,1089,937,-1,937,1089,1090,-1,937,1090,938,-1,938,1090,1091,-1,938,1091,933,-1,933,1091,1092,-1,933,1092,934,-1,934,1092,1093,-1,934,1093,935,-1,935,1093,1094,-1,935,1094,928,-1,928,1094,1095,-1,928,1095,929,-1,929,1095,1096,-1,929,1096,931,-1,931,1096,1073,-1,1096,1097,1073,-1,1073,1097,1098,-1,1073,1098,1074,-1,1074,1098,1099,-1,1074,1099,1075,-1,1075,1099,1100,-1,1075,1100,1076,-1,1076,1100,1101,-1,1076,1101,1077,-1,1077,1101,1102,-1,1077,1102,1078,-1,1078,1102,1103,-1,1078,1103,1079,-1,1079,1103,1104,-1,1079,1104,1080,-1,1080,1104,1105,-1,1080,1105,1081,-1,1081,1105,1106,-1,1081,1106,1082,-1,1082,1106,1107,-1,1082,1107,1083,-1,1083,1107,1108,-1,1083,1108,1084,-1,1084,1108,1109,-1,1084,1109,1085,-1,1085,1109,1110,-1,1085,1110,1086,-1,1086,1110,1111,-1,1086,1111,1087,-1,1087,1111,1112,-1,1087,1112,1088,-1,1088,1112,1113,-1,1088,1113,1089,-1,1089,1113,1114,-1,1089,1114,1090,-1,1090,1114,1115,-1,1090,1115,1091,-1,1091,1115,1116,-1,1091,1116,1092,-1,1092,1116,1117,-1,1092,1117,1093,-1,1093,1117,1118,-1,1093,1118,1094,-1,1094,1118,1119,-1,1094,1119,1095,-1,1095,1119,1120,-1,1095,1120,1096,-1,1096,1120,1097,-1,1120,1121,1097,-1,1097,1121,1122,-1,1097,1122,1098,-1,1098,1122,1123,-1,1098,1123,1099,-1,1099,1123,1124,-1,1099,1124,1100,-1,1100,1124,1125,-1,1100,1125,1101,-1,1101,1125,1126,-1,1101,1126,1102,-1,1102,1126,1127,-1,1102,1127,1103,-1,1103,1127,1128,-1,1103,1128,1104,-1,1104,1128,1129,-1,1104,1129,1105,-1,1105,1129,1130,-1,1105,1130,1106,-1,1106,1130,1131,-1,1106,1131,1107,-1,1107,1131,1132,-1,1107,1132,1108,-1,1108,1132,1133,-1,1108,1133,1109,-1,1109,1133,1134,-1,1109,1134,1110,-1,1110,1134,1135,-1,1110,1135,1111,-1,1111,1135,1136,-1,1111,1136,1112,-1,1112,1136,1137,-1,1112,1137,1113,-1,1113,1137,1138,-1,1113,1138,1114,-1,1114,1138,1139,-1,1114,1139,1115,-1,1115,1139,1140,-1,1115,1140,1116,-1,1116,1140,1141,-1,1116,1141,1117,-1,1117,1141,1142,-1,1117,1142,1118,-1,1118,1142,1143,-1,1118,1143,1119,-1,1119,1143,1144,-1,1119,1144,1120,-1,1120,1144,1121,-1,1144,1145,1121,-1,1121,1145,1146,-1,1121,1146,1122,-1,1122,1146,1147,-1,1122,1147,1123,-1,1123,1147,1148,-1,1123,1148,1124,-1,1124,1148,1149,-1,1124,1149,1125,-1,1125,1149,1150,-1,1125,1150,1126,-1,1126,1150,1151,-1,1126,1151,1127,-1,1127,1151,1152,-1,1127,1152,1128,-1,1128,1152,1153,-1,1128,1153,1129,-1,1129,1153,1154,-1,1129,1154,1130,-1,1130,1154,1155,-1,1130,1155,1131,-1,1131,1155,1156,-1,1131,1156,1132,-1,1132,1156,1157,-1,1132,1157,1133,-1,1133,1157,1158,-1,1133,1158,1134,-1,1134,1158,1159,-1,1134,1159,1135,-1,1135,1159,1160,-1,1135,1160,1136,-1,1136,1160,1161,-1,1136,1161,1137,-1,1137,1161,1162,-1,1137,1162,1138,-1,1138,1162,1163,-1,1138,1163,1139,-1,1139,1163,1164,-1,1139,1164,1140,-1,1140,1164,1165,-1,1140,1165,1141,-1,1141,1165,1166,-1,1141,1166,1142,-1,1142,1166,1167,-1,1142,1167,1143,-1,1143,1167,1168,-1,1143,1168,1144,-1,1144,1168,1145,-1,1168,1169,1145,-1,1145,1169,1170,-1,1145,1170,1146,-1,1146,1170,1171,-1,1146,1171,1147,-1,1147,1171,1172,-1,1147,1172,1148,-1,1148,1172,1173,-1,1148,1173,1149,-1,1149,1173,1174,-1,1149,1174,1150,-1,1150,1174,1175,-1,1150,1175,1151,-1,1151,1175,1176,-1,1151,1176,1152,-1,1152,1176,1177,-1,1152,1177,1153,-1,1153,1177,1178,-1,1153,1178,1154,-1,1154,1178,1179,-1,1154,1179,1155,-1,1155,1179,1180,-1,1155,1180,1156,-1,1156,1180,1181,-1,1156,1181,1157,-1,1157,1181,1182,-1,1157,1182,1158,-1,1158,1182,1183,-1,1158,1183,1159,-1,1159,1183,1184,-1,1159,1184,1160,-1,1160,1184,1185,-1,1160,1185,1161,-1,1161,1185,1186,-1,1161,1186,1162,-1,1162,1186,1187,-1,1162,1187,1163,-1,1163,1187,1188,-1,1163,1188,1164,-1,1164,1188,1189,-1,1164,1189,1165,-1,1165,1189,1190,-1,1165,1190,1166,-1,1166,1190,1191,-1,1166,1191,1167,-1,1167,1191,1192,-1,1167,1192,1168,-1,1168,1192,1169,-1,1192,901,1169,-1,1169,901,899,-1,1169,899,1170,-1,1170,899,897,-1,1170,897,1171,-1,1171,897,895,-1,1171,895,1172,-1,1172,895,893,-1,1172,893,1173,-1,1173,893,891,-1,1173,891,1174,-1,1174,891,889,-1,1174,889,1175,-1,1175,889,887,-1,1175,887,1176,-1,1176,887,885,-1,1176,885,1177,-1,1177,885,883,-1,1177,883,1178,-1,1178,883,881,-1,1178,881,1179,-1,1179,881,927,-1,1179,927,1180,-1,1180,927,925,-1,1180,925,1181,-1,1181,925,923,-1,1181,923,1182,-1,1182,923,921,-1,1182,921,1183,-1,1183,921,919,-1,1183,919,1184,-1,1184,919,917,-1,1184,917,1185,-1,1185,917,915,-1,1185,915,1186,-1,1186,915,913,-1,1186,913,1187,-1,1187,913,911,-1,1187,911,1188,-1,1188,911,909,-1,1188,909,1189,-1,1189,909,907,-1,1189,907,1190,-1,1190,907,905,-1,1190,905,1191,-1,1191,905,903,-1,1191,903,1192,-1,1192,903,901,-1,858,1193,859,-1,859,1193,1194,-1,859,1194,878,-1,878,1194,1195,-1,878,1195,879,-1,879,1195,1196,-1,879,1196,875,-1,875,1196,1197,-1,875,1197,876,-1,876,1197,1198,-1,876,1198,877,-1,877,1198,1199,-1,877,1199,872,-1,872,1199,1200,-1,872,1200,873,-1,873,1200,1201,-1,873,1201,874,-1,874,1201,1202,-1,874,1202,869,-1,869,1202,1203,-1,869,1203,870,-1,870,1203,1204,-1,870,1204,871,-1,871,1204,1205,-1,871,1205,866,-1,866,1205,1206,-1,866,1206,867,-1,867,1206,1207,-1,867,1207,868,-1,868,1207,1208,-1,868,1208,863,-1,863,1208,1209,-1,863,1209,864,-1,864,1209,1210,-1,864,1210,865,-1,865,1210,1211,-1,865,1211,860,-1,860,1211,1212,-1,860,1212,861,-1,861,1212,1213,-1,861,1213,862,-1,862,1213,1214,-1,862,1214,855,-1,855,1214,1215,-1,855,1215,856,-1,856,1215,1216,-1,856,1216,858,-1,858,1216,1193,-1,1216,1217,1193,-1,1193,1217,1218,-1,1193,1218,1194,-1,1194,1218,1219,-1,1194,1219,1195,-1,1195,1219,1220,-1,1195,1220,1196,-1,1196,1220,1221,-1,1196,1221,1197,-1,1197,1221,1222,-1,1197,1222,1198,-1,1198,1222,1223,-1,1198,1223,1199,-1,1199,1223,1224,-1,1199,1224,1200,-1,1200,1224,1225,-1,1200,1225,1201,-1,1201,1225,1226,-1,1201,1226,1202,-1,1202,1226,1227,-1,1202,1227,1203,-1,1203,1227,1228,-1,1203,1228,1204,-1,1204,1228,1229,-1,1204,1229,1205,-1,1205,1229,1230,-1,1205,1230,1206,-1,1206,1230,1231,-1,1206,1231,1207,-1,1207,1231,1232,-1,1207,1232,1208,-1,1208,1232,1233,-1,1208,1233,1209,-1,1209,1233,1234,-1,1209,1234,1210,-1,1210,1234,1235,-1,1210,1235,1211,-1,1211,1235,1236,-1,1211,1236,1212,-1,1212,1236,1237,-1,1212,1237,1213,-1,1213,1237,1238,-1,1213,1238,1214,-1,1214,1238,1239,-1,1214,1239,1215,-1,1215,1239,1240,-1,1215,1240,1216,-1,1216,1240,1217,-1,1240,1241,1217,-1,1217,1241,1242,-1,1217,1242,1218,-1,1218,1242,1243,-1,1218,1243,1219,-1,1219,1243,1244,-1,1219,1244,1220,-1,1220,1244,1245,-1,1220,1245,1221,-1,1221,1245,1246,-1,1221,1246,1222,-1,1222,1246,1247,-1,1222,1247,1223,-1,1223,1247,1248,-1,1223,1248,1224,-1,1224,1248,1249,-1,1224,1249,1225,-1,1225,1249,1250,-1,1225,1250,1226,-1,1226,1250,1251,-1,1226,1251,1227,-1,1227,1251,1252,-1,1227,1252,1228,-1,1228,1252,1253,-1,1228,1253,1229,-1,1229,1253,1254,-1,1229,1254,1230,-1,1230,1254,1255,-1,1230,1255,1231,-1,1231,1255,1256,-1,1231,1256,1232,-1,1232,1256,1257,-1,1232,1257,1233,-1,1233,1257,1258,-1,1233,1258,1234,-1,1234,1258,1259,-1,1234,1259,1235,-1,1235,1259,1260,-1,1235,1260,1236,-1,1236,1260,1261,-1,1236,1261,1237,-1,1237,1261,1262,-1,1237,1262,1238,-1,1238,1262,1263,-1,1238,1263,1239,-1,1239,1263,1264,-1,1239,1264,1240,-1,1240,1264,1241,-1,1264,1265,1241,-1,1241,1265,1266,-1,1241,1266,1242,-1,1242,1266,1267,-1,1242,1267,1243,-1,1243,1267,1268,-1,1243,1268,1244,-1,1244,1268,1269,-1,1244,1269,1245,-1,1245,1269,1270,-1,1245,1270,1246,-1,1246,1270,1271,-1,1246,1271,1247,-1,1247,1271,1272,-1,1247,1272,1248,-1,1248,1272,1273,-1,1248,1273,1249,-1,1249,1273,1274,-1,1249,1274,1250,-1,1250,1274,1275,-1,1250,1275,1251,-1,1251,1275,1276,-1,1251,1276,1252,-1,1252,1276,1277,-1,1252,1277,1253,-1,1253,1277,1278,-1,1253,1278,1254,-1,1254,1278,1279,-1,1254,1279,1255,-1,1255,1279,1280,-1,1255,1280,1256,-1,1256,1280,1281,-1,1256,1281,1257,-1,1257,1281,1282,-1,1257,1282,1258,-1,1258,1282,1283,-1,1258,1283,1259,-1,1259,1283,1284,-1,1259,1284,1260,-1,1260,1284,1285,-1,1260,1285,1261,-1,1261,1285,1286,-1,1261,1286,1262,-1,1262,1286,1287,-1,1262,1287,1263,-1,1263,1287,1288,-1,1263,1288,1264,-1,1264,1288,1265,-1,1288,1289,1265,-1,1265,1289,1290,-1,1265,1290,1266,-1,1266,1290,1291,-1,1266,1291,1267,-1,1267,1291,1292,-1,1267,1292,1268,-1,1268,1292,1293,-1,1268,1293,1269,-1,1269,1293,1294,-1,1269,1294,1270,-1,1270,1294,1295,-1,1270,1295,1271,-1,1271,1295,1296,-1,1271,1296,1272,-1,1272,1296,1297,-1,1272,1297,1273,-1,1273,1297,1298,-1,1273,1298,1274,-1,1274,1298,1299,-1,1274,1299,1275,-1,1275,1299,1300,-1,1275,1300,1276,-1,1276,1300,1301,-1,1276,1301,1277,-1,1277,1301,1302,-1,1277,1302,1278,-1,1278,1302,1303,-1,1278,1303,1279,-1,1279,1303,1304,-1,1279,1304,1280,-1,1280,1304,1305,-1,1280,1305,1281,-1,1281,1305,1306,-1,1281,1306,1282,-1,1282,1306,1307,-1,1282,1307,1283,-1,1283,1307,1308,-1,1283,1308,1284,-1,1284,1308,1309,-1,1284,1309,1285,-1,1285,1309,1310,-1,1285,1310,1286,-1,1286,1310,1311,-1,1286,1311,1287,-1,1287,1311,1312,-1,1287,1312,1288,-1,1288,1312,1289,-1,1312,821,1289,-1,1289,821,823,-1,1289,823,1290,-1,1290,823,825,-1,1290,825,1291,-1,1291,825,827,-1,1291,827,1292,-1,1292,827,829,-1,1292,829,1293,-1,1293,829,831,-1,1293,831,1294,-1,1294,831,833,-1,1294,833,1295,-1,1295,833,835,-1,1295,835,1296,-1,1296,835,838,-1,1296,838,1297,-1,1297,838,840,-1,1297,840,1298,-1,1298,840,842,-1,1298,842,1299,-1,1299,842,844,-1,1299,844,1300,-1,1300,844,846,-1,1300,846,1301,-1,1301,846,848,-1,1301,848,1302,-1,1302,848,850,-1,1302,850,1303,-1,1303,850,852,-1,1303,852,1304,-1,1304,852,805,-1,1304,805,1305,-1,1305,805,807,-1,1305,807,1306,-1,1306,807,809,-1,1306,809,1307,-1,1307,809,811,-1,1307,811,1308,-1,1308,811,813,-1,1308,813,1309,-1,1309,813,815,-1,1309,815,1310,-1,1310,815,817,-1,1310,817,1311,-1,1311,817,819,-1,1311,819,1312,-1,1312,819,821,-1,710,1313,711,-1,711,1313,1314,-1,711,1314,730,-1,730,1314,1315,-1,730,1315,731,-1,731,1315,1316,-1,731,1316,727,-1,727,1316,1317,-1,727,1317,728,-1,728,1317,1318,-1,728,1318,729,-1,729,1318,1319,-1,729,1319,724,-1,724,1319,1320,-1,724,1320,725,-1,725,1320,1321,-1,725,1321,726,-1,726,1321,1322,-1,726,1322,721,-1,721,1322,1323,-1,721,1323,722,-1,722,1323,1324,-1,722,1324,723,-1,723,1324,1325,-1,723,1325,718,-1,718,1325,1326,-1,718,1326,719,-1,719,1326,1327,-1,719,1327,720,-1,720,1327,1328,-1,720,1328,715,-1,715,1328,1329,-1,715,1329,716,-1,716,1329,1330,-1,716,1330,717,-1,717,1330,1331,-1,717,1331,712,-1,712,1331,1332,-1,712,1332,713,-1,713,1332,1333,-1,713,1333,714,-1,714,1333,1334,-1,714,1334,707,-1,707,1334,1335,-1,707,1335,708,-1,708,1335,1336,-1,708,1336,710,-1,710,1336,1313,-1,1336,1337,1313,-1,1313,1337,1338,-1,1313,1338,1314,-1,1314,1338,1339,-1,1314,1339,1315,-1,1315,1339,1340,-1,1315,1340,1316,-1,1316,1340,1341,-1,1316,1341,1317,-1,1317,1341,1342,-1,1317,1342,1318,-1,1318,1342,1343,-1,1318,1343,1319,-1,1319,1343,1344,-1,1319,1344,1320,-1,1320,1344,1345,-1,1320,1345,1321,-1,1321,1345,1346,-1,1321,1346,1322,-1,1322,1346,1347,-1,1322,1347,1323,-1,1323,1347,1348,-1,1323,1348,1324,-1,1324,1348,1349,-1,1324,1349,1325,-1,1325,1349,1350,-1,1325,1350,1326,-1,1326,1350,1351,-1,1326,1351,1327,-1,1327,1351,1352,-1,1327,1352,1328,-1,1328,1352,1353,-1,1328,1353,1329,-1,1329,1353,1354,-1,1329,1354,1330,-1,1330,1354,1355,-1,1330,1355,1331,-1,1331,1355,1356,-1,1331,1356,1332,-1,1332,1356,1357,-1,1332,1357,1333,-1,1333,1357,1358,-1,1333,1358,1334,-1,1334,1358,1359,-1,1334,1359,1335,-1,1335,1359,1360,-1,1335,1360,1336,-1,1336,1360,1337,-1,1360,1361,1337,-1,1337,1361,1362,-1,1337,1362,1338,-1,1338,1362,1363,-1,1338,1363,1339,-1,1339,1363,1364,-1,1339,1364,1340,-1,1340,1364,1365,-1,1340,1365,1341,-1,1341,1365,1366,-1,1341,1366,1342,-1,1342,1366,1367,-1,1342,1367,1343,-1,1343,1367,1368,-1,1343,1368,1344,-1,1344,1368,1369,-1,1344,1369,1345,-1,1345,1369,1370,-1,1345,1370,1346,-1,1346,1370,1371,-1,1346,1371,1347,-1,1347,1371,1372,-1,1347,1372,1348,-1,1348,1372,1373,-1,1348,1373,1349,-1,1349,1373,1374,-1,1349,1374,1350,-1,1350,1374,1375,-1,1350,1375,1351,-1,1351,1375,1376,-1,1351,1376,1352,-1,1352,1376,1377,-1,1352,1377,1353,-1,1353,1377,1378,-1,1353,1378,1354,-1,1354,1378,1379,-1,1354,1379,1355,-1,1355,1379,1380,-1,1355,1380,1356,-1,1356,1380,1381,-1,1356,1381,1357,-1,1357,1381,1382,-1,1357,1382,1358,-1,1358,1382,1383,-1,1358,1383,1359,-1,1359,1383,1384,-1,1359,1384,1360,-1,1360,1384,1361,-1,1384,1385,1361,-1,1361,1385,1386,-1,1361,1386,1362,-1,1362,1386,1387,-1,1362,1387,1363,-1,1363,1387,1388,-1,1363,1388,1364,-1,1364,1388,1389,-1,1364,1389,1365,-1,1365,1389,1390,-1,1365,1390,1366,-1,1366,1390,1391,-1,1366,1391,1367,-1,1367,1391,1392,-1,1367,1392,1368,-1,1368,1392,1393,-1,1368,1393,1369,-1,1369,1393,1394,-1,1369,1394,1370,-1,1370,1394,1395,-1,1370,1395,1371,-1,1371,1395,1396,-1,1371,1396,1372,-1,1372,1396,1397,-1,1372,1397,1373,-1,1373,1397,1398,-1,1373,1398,1374,-1,1374,1398,1399,-1,1374,1399,1375,-1,1375,1399,1400,-1,1375,1400,1376,-1,1376,1400,1401,-1,1376,1401,1377,-1,1377,1401,1402,-1,1377,1402,1378,-1,1378,1402,1403,-1,1378,1403,1379,-1,1379,1403,1404,-1,1379,1404,1380,-1,1380,1404,1405,-1,1380,1405,1381,-1,1381,1405,1406,-1,1381,1406,1382,-1,1382,1406,1407,-1,1382,1407,1383,-1,1383,1407,1408,-1,1383,1408,1384,-1,1384,1408,1385,-1,1408,1409,1385,-1,1385,1409,1410,-1,1385,1410,1386,-1,1386,1410,1411,-1,1386,1411,1387,-1,1387,1411,1412,-1,1387,1412,1388,-1,1388,1412,1413,-1,1388,1413,1389,-1,1389,1413,1414,-1,1389,1414,1390,-1,1390,1414,1415,-1,1390,1415,1391,-1,1391,1415,1416,-1,1391,1416,1392,-1,1392,1416,1417,-1,1392,1417,1393,-1,1393,1417,1418,-1,1393,1418,1394,-1,1394,1418,1419,-1,1394,1419,1395,-1,1395,1419,1420,-1,1395,1420,1396,-1,1396,1420,1421,-1,1396,1421,1397,-1,1397,1421,1422,-1,1397,1422,1398,-1,1398,1422,1423,-1,1398,1423,1399,-1,1399,1423,1424,-1,1399,1424,1400,-1,1400,1424,1425,-1,1400,1425,1401,-1,1401,1425,1426,-1,1401,1426,1402,-1,1402,1426,1427,-1,1402,1427,1403,-1,1403,1427,1428,-1,1403,1428,1404,-1,1404,1428,1429,-1,1404,1429,1405,-1,1405,1429,1430,-1,1405,1430,1406,-1,1406,1430,1431,-1,1406,1431,1407,-1,1407,1431,1432,-1,1407,1432,1408,-1,1408,1432,1409,-1,1432,673,1409,-1,1409,673,675,-1,1409,675,1410,-1,1410,675,677,-1,1410,677,1411,-1,1411,677,679,-1,1411,679,1412,-1,1412,679,681,-1,1412,681,1413,-1,1413,681,683,-1,1413,683,1414,-1,1414,683,685,-1,1414,685,1415,-1,1415,685,687,-1,1415,687,1416,-1,1416,687,690,-1,1416,690,1417,-1,1417,690,692,-1,1417,692,1418,-1,1418,692,694,-1,1418,694,1419,-1,1419,694,696,-1,1419,696,1420,-1,1420,696,698,-1,1420,698,1421,-1,1421,698,700,-1,1421,700,1422,-1,1422,700,702,-1,1422,702,1423,-1,1423,702,704,-1,1423,704,1424,-1,1424,704,657,-1,1424,657,1425,-1,1425,657,659,-1,1425,659,1426,-1,1426,659,661,-1,1426,661,1427,-1,1427,661,663,-1,1427,663,1428,-1,1428,663,665,-1,1428,665,1429,-1,1429,665,667,-1,1429,667,1430,-1,1430,667,669,-1,1430,669,1431,-1,1431,669,671,-1,1431,671,1432,-1,1432,671,673,-1,
        ]
    }
}